[2026-09-09 14:39:48] System.InvalidOperationException: Could not find color or style 'MTK'.
   at Spectre.Console.AnsiMarkupTagParser.Parse(String text) in /_/src/Spectre.Console.Ansi/AnsiMarkupTagParser.cs:line 10
   at Spectre.Console.AnsiMarkup.Parse(String markup, Nullable`1 style) in /_/src/Spectre.Console.Ansi/AnsiMarkup.cs:line 67
   at Spectre.Console.Markup..ctor(String text, Nullable`1 style) in /_/src/Spectre.Console/Widgets/Markup.cs:line 43
   at Spectre.Console.AnsiConsoleExtensions.Markup(IAnsiConsole console, String value) in /_/src/Spectre.Console/Extensions/AnsiConsoleExtensions.Markup.cs:line 87
   at Spectre.Console.AnsiConsoleExtensions.MarkupLine(IAnsiConsole console, String value) in /_/src/Spectre.Console/Extensions/AnsiConsoleExtensions.Markup.cs:line 133
   at Spectre.Console.AnsiConsole.MarkupLine(String value) in /_/src/Spectre.Console/AnsiConsole.Markup.cs:line 81
   at V1Per.Ui.MarkupLine(String markup) in C:\Users\My PC\Downloads\test\v1per-wpf\Console\Ui.cs:line 61
   at V1Per.Ui.Muted(String message) in C:\Users\My PC\Downloads\test\v1per-wpf\Console\Ui.cs:line 119
   at v1per_wpf.MainWindow.<>c__DisplayClass7_2.<.ctor>b__12() in C:\Users\My PC\Downloads\test\v1per-wpf\MainWindow.xaml.cs:line 98
   at System.Windows.Threading.ExceptionWrapper.InternalRealCall(Delegate callback, Object args, Int32 numArgs)
   at System.Windows.Threading.ExceptionWrapper.TryCatchWhen(Object source, Delegate callback, Object args, Int32 numArgs, Delegate catchHandler)

[2026-09-09 14:39:48] System.InvalidOperationException: Could not find color or style 'MTK'.
   at Spectre.Console.AnsiMarkupTagParser.Parse(String text) in /_/src/Spectre.Console.Ansi/AnsiMarkupTagParser.cs:line 10
   at Spectre.Console.AnsiMarkup.Parse(String markup, Nullable`1 style) in /_/src/Spectre.Console.Ansi/AnsiMarkup.cs:line 67
   at Spectre.Console.Markup..ctor(String text, Nullable`1 style) in /_/src/Spectre.Console/Widgets/Markup.cs:line 43
   at Spectre.Console.AnsiConsoleExtensions.Markup(IAnsiConsole console, String value) in /_/src/Spectre.Console/Extensions/AnsiConsoleExtensions.Markup.cs:line 87
   at Spectre.Console.AnsiConsoleExtensions.MarkupLine(IAnsiConsole console, String value) in /_/src/Spectre.Console/Extensions/AnsiConsoleExtensions.Markup.cs:line 133
   at Spectre.Console.AnsiConsole.MarkupLine(String value) in /_/src/Spectre.Console/AnsiConsole.Markup.cs:line 81
   at V1Per.Ui.MarkupLine(String markup) in C:\Users\My PC\Downloads\test\v1per-wpf\Console\Ui.cs:line 61
   at V1Per.Ui.Muted(String message) in C:\Users\My PC\Downloads\test\v1per-wpf\Console\Ui.cs:line 119
   at v1per_wpf.MainWindow.<>c__DisplayClass7_2.<.ctor>b__12() in C:\Users\My PC\Downloads\test\v1per-wpf\MainWindow.xaml.cs:line 98
   at System.Windows.Threading.ExceptionWrapper.InternalRealCall(Delegate callback, Object args, Int32 numArgs)
   at System.Windows.Threading.ExceptionWrapper.TryCatchWhen(Object source, Delegate callback, Object args, Int32 numArgs, Delegate catchHandler)

[2026-09-09 14:39:49] System.InvalidOperationException: Could not find color or style 'MTK'.
   at Spectre.Console.AnsiMarkupTagParser.Parse(String text) in /_/src/Spectre.Console.Ansi/AnsiMarkupTagParser.cs:line 10
   at Spectre.Console.AnsiMarkup.Parse(String markup, Nullable`1 style) in /_/src/Spectre.Console.Ansi/AnsiMarkup.cs:line 67
   at Spectre.Console.Markup..ctor(String text, Nullable`1 style) in /_/src/Spectre.Console/Widgets/Markup.cs:line 43
   at Spectre.Console.AnsiConsoleExtensions.Markup(IAnsiConsole console, String value) in /_/src/Spectre.Console/Extensions/AnsiConsoleExtensions.Markup.cs:line 87
   at Spectre.Console.AnsiConsoleExtensions.MarkupLine(IAnsiConsole console, String value) in /_/src/Spectre.Console/Extensions/AnsiConsoleExtensions.Markup.cs:line 133
   at Spectre.Console.AnsiConsole.MarkupLine(String value) in /_/src/Spectre.Console/AnsiConsole.Markup.cs:line 81
   at V1Per.Ui.MarkupLine(String markup) in C:\Users\My PC\Downloads\test\v1per-wpf\Console\Ui.cs:line 61
   at V1Per.Ui.Muted(String message) in C:\Users\My PC\Downloads\test\v1per-wpf\Console\Ui.cs:line 119
   at v1per_wpf.MainWindow.<>c__DisplayClass7_2.<.ctor>b__12() in C:\Users\My PC\Downloads\test\v1per-wpf\MainWindow.xaml.cs:line 98
   at System.Windows.Threading.ExceptionWrapper.InternalRealCall(Delegate callback, Object args, Int32 numArgs)
   at System.Windows.Threading.ExceptionWrapper.TryCatchWhen(Object source, Delegate callback, Object args, Int32 numArgs, Delegate catchHandler)

[2026-09-09 14:39:49] System.InvalidOperationException: Could not find color or style 'MTK'.
   at Spectre.Console.AnsiMarkupTagParser.Parse(String text) in /_/src/Spectre.Console.Ansi/AnsiMarkupTagParser.cs:line 10
   at Spectre.Console.AnsiMarkup.Parse(String markup, Nullable`1 style) in /_/src/Spectre.Console.Ansi/AnsiMarkup.cs:line 67
   at Spectre.Console.Markup..ctor(String text, Nullable`1 style) in /_/src/Spectre.Console/Widgets/Markup.cs:line 43
   at Spectre.Console.AnsiConsoleExtensions.Markup(IAnsiConsole console, String value) in /_/src/Spectre.Console/Extensions/AnsiConsoleExtensions.Markup.cs:line 87
   at Spectre.Console.AnsiConsoleExtensions.MarkupLine(IAnsiConsole console, String value) in /_/src/Spectre.Console/Extensions/AnsiConsoleExtensions.Markup.cs:line 133
   at Spectre.Console.AnsiConsole.MarkupLine(String value) in /_/src/Spectre.Console/AnsiConsole.Markup.cs:line 81
   at V1Per.Ui.MarkupLine(String markup) in C:\Users\My PC\Downloads\test\v1per-wpf\Console\Ui.cs:line 61
   at V1Per.Ui.Muted(String message) in C:\Users\My PC\Downloads\test\v1per-wpf\Console\Ui.cs:line 119
   at v1per_wpf.MainWindow.<>c__DisplayClass7_2.<.ctor>b__12() in C:\Users\My PC\Downloads\test\v1per-wpf\MainWindow.xaml.cs:line 98
   at System.Windows.Threading.ExceptionWrapper.InternalRealCall(Delegate callback, Object args, Int32 numArgs)
   at System.Windows.Threading.ExceptionWrapper.TryCatchWhen(Object source, Delegate callback, Object args, Int32 numArgs, Delegate catchHandler)

[2026-09-09 14:39:49] System.InvalidOperationException: Could not find color or style 'MTK'.
   at Spectre.Console.AnsiMarkupTagParser.Parse(String text) in /_/src/Spectre.Console.Ansi/AnsiMarkupTagParser.cs:line 10
   at Spectre.Console.AnsiMarkup.Parse(String markup, Nullable`1 style) in /_/src/Spectre.Console.Ansi/AnsiMarkup.cs:line 67
   at Spectre.Console.Markup..ctor(String text, Nullable`1 style) in /_/src/Spectre.Console/Widgets/Markup.cs:line 43
   at Spectre.Console.AnsiConsoleExtensions.Markup(IAnsiConsole console, String value) in /_/src/Spectre.Console/Extensions/AnsiConsoleExtensions.Markup.cs:line 87
   at Spectre.Console.AnsiConsoleExtensions.MarkupLine(IAnsiConsole console, String value) in /_/src/Spectre.Console/Extensions/AnsiConsoleExtensions.Markup.cs:line 133
   at Spectre.Console.AnsiConsole.MarkupLine(String value) in /_/src/Spectre.Console/AnsiConsole.Markup.cs:line 81
   at V1Per.Ui.MarkupLine(String markup) in C:\Users\My PC\Downloads\test\v1per-wpf\Console\Ui.cs:line 61
   at V1Per.Ui.Muted(String message) in C:\Users\My PC\Downloads\test\v1per-wpf\Console\Ui.cs:line 119
   at v1per_wpf.MainWindow.<>c__DisplayClass7_2.<.ctor>b__12() in C:\Users\My PC\Downloads\test\v1per-wpf\MainWindow.xaml.cs:line 98
   at System.Windows.Threading.ExceptionWrapper.InternalRealCall(Delegate callback, Object args, Int32 numArgs)
   at System.Windows.Threading.ExceptionWrapper.TryCatchWhen(Object source, Delegate callback, Object args, Int32 numArgs, Delegate catchHandler)

[2026-09-09 14:39:49] System.InvalidOperationException: Could not find color or style 'MTK'.
   at Spectre.Console.AnsiMarkupTagParser.Parse(String text) in /_/src/Spectre.Console.Ansi/AnsiMarkupTagParser.cs:line 10
   at Spectre.Console.AnsiMarkup.Parse(String markup, Nullable`1 style) in /_/src/Spectre.Console.Ansi/AnsiMarkup.cs:line 67
   at Spectre.Console.Markup..ctor(String text, Nullable`1 style) in /_/src/Spectre.Console/Widgets/Markup.cs:line 43
   at Spectre.Console.AnsiConsoleExtensions.Markup(IAnsiConsole console, String value) in /_/src/Spectre.Console/Extensions/AnsiConsoleExtensions.Markup.cs:line 87
   at Spectre.Console.AnsiConsoleExtensions.MarkupLine(IAnsiConsole console, String value) in /_/src/Spectre.Console/Extensions/AnsiConsoleExtensions.Markup.cs:line 133
   at Spectre.Console.AnsiConsole.MarkupLine(String value) in /_/src/Spectre.Console/AnsiConsole.Markup.cs:line 81
   at V1Per.Ui.MarkupLine(String markup) in C:\Users\My PC\Downloads\test\v1per-wpf\Console\Ui.cs:line 61
   at V1Per.Ui.Muted(String message) in C:\Users\My PC\Downloads\test\v1per-wpf\Console\Ui.cs:line 119
   at v1per_wpf.MainWindow.<>c__DisplayClass7_2.<.ctor>b__12() in C:\Users\My PC\Downloads\test\v1per-wpf\MainWindow.xaml.cs:line 98
   at System.Windows.Threading.ExceptionWrapper.InternalRealCall(Delegate callback, Object args, Int32 numArgs)
   at System.Windows.Threading.ExceptionWrapper.TryCatchWhen(Object source, Delegate callback, Object args, Int32 numArgs, Delegate catchHandler)

[2026-09-09 14:39:49] System.InvalidOperationException: Could not find color or style 'MTK'.
   at Spectre.Console.AnsiMarkupTagParser.Parse(String text) in /_/src/Spectre.Console.Ansi/AnsiMarkupTagParser.cs:line 10
   at Spectre.Console.AnsiMarkup.Parse(String markup, Nullable`1 style) in /_/src/Spectre.Console.Ansi/AnsiMarkup.cs:line 67
   at Spectre.Console.Markup..ctor(String text, Nullable`1 style) in /_/src/Spectre.Console/Widgets/Markup.cs:line 43
   at Spectre.Console.AnsiConsoleExtensions.Markup(IAnsiConsole console, String value) in /_/src/Spectre.Console/Extensions/AnsiConsoleExtensions.Markup.cs:line 87
   at Spectre.Console.AnsiConsoleExtensions.MarkupLine(IAnsiConsole console, String value) in /_/src/Spectre.Console/Extensions/AnsiConsoleExtensions.Markup.cs:line 133
   at Spectre.Console.AnsiConsole.MarkupLine(String value) in /_/src/Spectre.Console/AnsiConsole.Markup.cs:line 81
   at V1Per.Ui.MarkupLine(String markup) in C:\Users\My PC\Downloads\test\v1per-wpf\Console\Ui.cs:line 61
   at V1Per.Ui.Muted(String message) in C:\Users\My PC\Downloads\test\v1per-wpf\Console\Ui.cs:line 119
   at v1per_wpf.MainWindow.<>c__DisplayClass7_2.<.ctor>b__12() in C:\Users\My PC\Downloads\test\v1per-wpf\MainWindow.xaml.cs:line 98
   at System.Windows.Threading.ExceptionWrapper.InternalRealCall(Delegate callback, Object args, Int32 numArgs)
   at System.Windows.Threading.ExceptionWrapper.TryCatchWhen(Object source, Delegate callback, Object args, Int32 numArgs, Delegate catchHandler)

[2026-09-09 14:39:49] System.InvalidOperationException: Could not find color or style 'MTK'.
   at Spectre.Console.AnsiMarkupTagParser.Parse(String text) in /_/src/Spectre.Console.Ansi/AnsiMarkupTagParser.cs:line 10
   at Spectre.Console.AnsiMarkup.Parse(String markup, Nullable`1 style) in /_/src/Spectre.Console.Ansi/AnsiMarkup.cs:line 67
   at Spectre.Console.Markup..ctor(String text, Nullable`1 style) in /_/src/Spectre.Console/Widgets/Markup.cs:line 43
   at Spectre.Console.AnsiConsoleExtensions.Markup(IAnsiConsole console, String value) in /_/src/Spectre.Console/Extensions/AnsiConsoleExtensions.Markup.cs:line 87
   at Spectre.Console.AnsiConsoleExtensions.MarkupLine(IAnsiConsole console, String value) in /_/src/Spectre.Console/Extensions/AnsiConsoleExtensions.Markup.cs:line 133
   at Spectre.Console.AnsiConsole.MarkupLine(String value) in /_/src/Spectre.Console/AnsiConsole.Markup.cs:line 81
   at V1Per.Ui.MarkupLine(String markup) in C:\Users\My PC\Downloads\test\v1per-wpf\Console\Ui.cs:line 61
   at V1Per.Ui.Muted(String message) in C:\Users\My PC\Downloads\test\v1per-wpf\Console\Ui.cs:line 119
   at v1per_wpf.MainWindow.<>c__DisplayClass7_2.<.ctor>b__12() in C:\Users\My PC\Downloads\test\v1per-wpf\MainWindow.xaml.cs:line 98
   at System.Windows.Threading.ExceptionWrapper.InternalRealCall(Delegate callback, Object args, Int32 numArgs)
   at System.Windows.Threading.ExceptionWrapper.TryCatchWhen(Object source, Delegate callback, Object args, Int32 numArgs, Delegate catchHandler)

[2026-09-09 14:39:50] System.InvalidOperationException: Could not find color or style 'MTK'.
   at Spectre.Console.AnsiMarkupTagParser.Parse(String text) in /_/src/Spectre.Console.Ansi/AnsiMarkupTagParser.cs:line 10
   at Spectre.Console.AnsiMarkup.Parse(String markup, Nullable`1 style) in /_/src/Spectre.Console.Ansi/AnsiMarkup.cs:line 67
   at Spectre.Console.Markup..ctor(String text, Nullable`1 style) in /_/src/Spectre.Console/Widgets/Markup.cs:line 43
   at Spectre.Console.AnsiConsoleExtensions.Markup(IAnsiConsole console, String value) in /_/src/Spectre.Console/Extensions/AnsiConsoleExtensions.Markup.cs:line 87
   at Spectre.Console.AnsiConsoleExtensions.MarkupLine(IAnsiConsole console, String value) in /_/src/Spectre.Console/Extensions/AnsiConsoleExtensions.Markup.cs:line 133
   at Spectre.Console.AnsiConsole.MarkupLine(String value) in /_/src/Spectre.Console/AnsiConsole.Markup.cs:line 81
   at V1Per.Ui.MarkupLine(String markup) in C:\Users\My PC\Downloads\test\v1per-wpf\Console\Ui.cs:line 61
   at V1Per.Ui.Muted(String message) in C:\Users\My PC\Downloads\test\v1per-wpf\Console\Ui.cs:line 119
   at v1per_wpf.MainWindow.<>c__DisplayClass7_2.<.ctor>b__12() in C:\Users\My PC\Downloads\test\v1per-wpf\MainWindow.xaml.cs:line 98
   at System.Windows.Threading.ExceptionWrapper.InternalRealCall(Delegate callback, Object args, Int32 numArgs)
   at System.Windows.Threading.ExceptionWrapper.TryCatchWhen(Object source, Delegate callback, Object args, Int32 numArgs, Delegate catchHandler)

[2026-09-09 14:39:50] System.InvalidOperationException: Could not find color or style 'MTK'.
   at Spectre.Console.AnsiMarkupTagParser.Parse(String text) in /_/src/Spectre.Console.Ansi/AnsiMarkupTagParser.cs:line 10
   at Spectre.Console.AnsiMarkup.Parse(String markup, Nullable`1 style) in /_/src/Spectre.Console.Ansi/AnsiMarkup.cs:line 67
   at Spectre.Console.Markup..ctor(String text, Nullable`1 style) in /_/src/Spectre.Console/Widgets/Markup.cs:line 43
   at Spectre.Console.AnsiConsoleExtensions.Markup(IAnsiConsole console, String value) in /_/src/Spectre.Console/Extensions/AnsiConsoleExtensions.Markup.cs:line 87
   at Spectre.Console.AnsiConsoleExtensions.MarkupLine(IAnsiConsole console, String value) in /_/src/Spectre.Console/Extensions/AnsiConsoleExtensions.Markup.cs:line 133
   at Spectre.Console.AnsiConsole.MarkupLine(String value) in /_/src/Spectre.Console/AnsiConsole.Markup.cs:line 81
   at V1Per.Ui.MarkupLine(String markup) in C:\Users\My PC\Downloads\test\v1per-wpf\Console\Ui.cs:line 61
   at V1Per.Ui.Muted(String message) in C:\Users\My PC\Downloads\test\v1per-wpf\Console\Ui.cs:line 119
   at v1per_wpf.MainWindow.<>c__DisplayClass7_2.<.ctor>b__12() in C:\Users\My PC\Downloads\test\v1per-wpf\MainWindow.xaml.cs:line 98
   at System.Windows.Threading.ExceptionWrapper.InternalRealCall(Delegate callback, Object args, Int32 numArgs)
   at System.Windows.Threading.ExceptionWrapper.TryCatchWhen(Object source, Delegate callback, Object args, Int32 numArgs, Delegate catchHandler)

[2026-09-09 14:39:50] System.InvalidOperationException: Could not find color or style 'MTK'.
   at Spectre.Console.AnsiMarkupTagParser.Parse(String text) in /_/src/Spectre.Console.Ansi/AnsiMarkupTagParser.cs:line 10
   at Spectre.Console.AnsiMarkup.Parse(String markup, Nullable`1 style) in /_/src/Spectre.Console.Ansi/AnsiMarkup.cs:line 67
   at Spectre.Console.Markup..ctor(String text, Nullable`1 style) in /_/src/Spectre.Console/Widgets/Markup.cs:line 43
   at Spectre.Console.AnsiConsoleExtensions.Markup(IAnsiConsole console, String value) in /_/src/Spectre.Console/Extensions/AnsiConsoleExtensions.Markup.cs:line 87
   at Spectre.Console.AnsiConsoleExtensions.MarkupLine(IAnsiConsole console, String value) in /_/src/Spectre.Console/Extensions/AnsiConsoleExtensions.Markup.cs:line 133
   at Spectre.Console.AnsiConsole.MarkupLine(String value) in /_/src/Spectre.Console/AnsiConsole.Markup.cs:line 81
   at V1Per.Ui.MarkupLine(String markup) in C:\Users\My PC\Downloads\test\v1per-wpf\Console\Ui.cs:line 61
   at V1Per.Ui.Muted(String message) in C:\Users\My PC\Downloads\test\v1per-wpf\Console\Ui.cs:line 119
   at v1per_wpf.MainWindow.<>c__DisplayClass7_2.<.ctor>b__12() in C:\Users\My PC\Downloads\test\v1per-wpf\MainWindow.xaml.cs:line 98
   at System.Windows.Threading.ExceptionWrapper.InternalRealCall(Delegate callback, Object args, Int32 numArgs)
   at System.Windows.Threading.ExceptionWrapper.TryCatchWhen(Object source, Delegate callback, Object args, Int32 numArgs, Delegate catchHandler)

[2026-09-09 14:39:50] System.InvalidOperationException: Could not find color or style 'MTK'.
   at Spectre.Console.AnsiMarkupTagParser.Parse(String text) in /_/src/Spectre.Console.Ansi/AnsiMarkupTagParser.cs:line 10
   at Spectre.Console.AnsiMarkup.Parse(String markup, Nullable`1 style) in /_/src/Spectre.Console.Ansi/AnsiMarkup.cs:line 67
   at Spectre.Console.Markup..ctor(String text, Nullable`1 style) in /_/src/Spectre.Console/Widgets/Markup.cs:line 43
   at Spectre.Console.AnsiConsoleExtensions.Markup(IAnsiConsole console, String value) in /_/src/Spectre.Console/Extensions/AnsiConsoleExtensions.Markup.cs:line 87
   at Spectre.Console.AnsiConsoleExtensions.MarkupLine(IAnsiConsole console, String value) in /_/src/Spectre.Console/Extensions/AnsiConsoleExtensions.Markup.cs:line 133
   at Spectre.Console.AnsiConsole.MarkupLine(String value) in /_/src/Spectre.Console/AnsiConsole.Markup.cs:line 81
   at V1Per.Ui.MarkupLine(String markup) in C:\Users\My PC\Downloads\test\v1per-wpf\Console\Ui.cs:line 61
   at V1Per.Ui.Muted(String message) in C:\Users\My PC\Downloads\test\v1per-wpf\Console\Ui.cs:line 119
   at v1per_wpf.MainWindow.<>c__DisplayClass7_2.<.ctor>b__12() in C:\Users\My PC\Downloads\test\v1per-wpf\MainWindow.xaml.cs:line 98
   at System.Windows.Threading.ExceptionWrapper.InternalRealCall(Delegate callback, Object args, Int32 numArgs)
   at System.Windows.Threading.ExceptionWrapper.TryCatchWhen(Object source, Delegate callback, Object args, Int32 numArgs, Delegate catchHandler)

[2026-09-09 14:39:50] System.InvalidOperationException: Could not find color or style 'MTK'.
   at Spectre.Console.AnsiMarkupTagParser.Parse(String text) in /_/src/Spectre.Console.Ansi/AnsiMarkupTagParser.cs:line 10
   at Spectre.Console.AnsiMarkup.Parse(String markup, Nullable`1 style) in /_/src/Spectre.Console.Ansi/AnsiMarkup.cs:line 67
   at Spectre.Console.Markup..ctor(String text, Nullable`1 style) in /_/src/Spectre.Console/Widgets/Markup.cs:line 43
   at Spectre.Console.AnsiConsoleExtensions.Markup(IAnsiConsole console, String value) in /_/src/Spectre.Console/Extensions/AnsiConsoleExtensions.Markup.cs:line 87
   at Spectre.Console.AnsiConsoleExtensions.MarkupLine(IAnsiConsole console, String value) in /_/src/Spectre.Console/Extensions/AnsiConsoleExtensions.Markup.cs:line 133
   at Spectre.Console.AnsiConsole.MarkupLine(String value) in /_/src/Spectre.Console/AnsiConsole.Markup.cs:line 81
   at V1Per.Ui.MarkupLine(String markup) in C:\Users\My PC\Downloads\test\v1per-wpf\Console\Ui.cs:line 61
   at V1Per.Ui.Muted(String message) in C:\Users\My PC\Downloads\test\v1per-wpf\Console\Ui.cs:line 119
   at v1per_wpf.MainWindow.<>c__DisplayClass7_2.<.ctor>b__12() in C:\Users\My PC\Downloads\test\v1per-wpf\MainWindow.xaml.cs:line 98
   at System.Windows.Threading.ExceptionWrapper.InternalRealCall(Delegate callback, Object args, Int32 numArgs)
   at System.Windows.Threading.ExceptionWrapper.TryCatchWhen(Object source, Delegate callback, Object args, Int32 numArgs, Delegate catchHandler)

[2026-09-09 14:39:50] System.InvalidOperationException: Could not find color or style 'MTK'.
   at Spectre.Console.AnsiMarkupTagParser.Parse(String text) in /_/src/Spectre.Console.Ansi/AnsiMarkupTagParser.cs:line 10
   at Spectre.Console.AnsiMarkup.Parse(String markup, Nullable`1 style) in /_/src/Spectre.Console.Ansi/AnsiMarkup.cs:line 67
   at Spectre.Console.Markup..ctor(String text, Nullable`1 style) in /_/src/Spectre.Console/Widgets/Markup.cs:line 43
   at Spectre.Console.AnsiConsoleExtensions.Markup(IAnsiConsole console, String value) in /_/src/Spectre.Console/Extensions/AnsiConsoleExtensions.Markup.cs:line 87
   at Spectre.Console.AnsiConsoleExtensions.MarkupLine(IAnsiConsole console, String value) in /_/src/Spectre.Console/Extensions/AnsiConsoleExtensions.Markup.cs:line 133
   at Spectre.Console.AnsiConsole.MarkupLine(String value) in /_/src/Spectre.Console/AnsiConsole.Markup.cs:line 81
   at V1Per.Ui.MarkupLine(String markup) in C:\Users\My PC\Downloads\test\v1per-wpf\Console\Ui.cs:line 61
   at V1Per.Ui.Muted(String message) in C:\Users\My PC\Downloads\test\v1per-wpf\Console\Ui.cs:line 119
   at v1per_wpf.MainWindow.<>c__DisplayClass7_2.<.ctor>b__12() in C:\Users\My PC\Downloads\test\v1per-wpf\MainWindow.xaml.cs:line 98
   at System.Windows.Threading.ExceptionWrapper.InternalRealCall(Delegate callback, Object args, Int32 numArgs)
   at System.Windows.Threading.ExceptionWrapper.TryCatchWhen(Object source, Delegate callback, Object args, Int32 numArgs, Delegate catchHandler)

[2026-09-09 14:39:50] System.InvalidOperationException: Could not find color or style 'MTK'.
   at Spectre.Console.AnsiMarkupTagParser.Parse(String text) in /_/src/Spectre.Console.Ansi/AnsiMarkupTagParser.cs:line 10
   at Spectre.Console.AnsiMarkup.Parse(String markup, Nullable`1 style) in /_/src/Spectre.Console.Ansi/AnsiMarkup.cs:line 67
   at Spectre.Console.Markup..ctor(String text, Nullable`1 style) in /_/src/Spectre.Console/Widgets/Markup.cs:line 43
   at Spectre.Console.AnsiConsoleExtensions.Markup(IAnsiConsole console, String value) in /_/src/Spectre.Console/Extensions/AnsiConsoleExtensions.Markup.cs:line 87
   at Spectre.Console.AnsiConsoleExtensions.MarkupLine(IAnsiConsole console, String value) in /_/src/Spectre.Console/Extensions/AnsiConsoleExtensions.Markup.cs:line 133
   at Spectre.Console.AnsiConsole.MarkupLine(String value) in /_/src/Spectre.Console/AnsiConsole.Markup.cs:line 81
   at V1Per.Ui.MarkupLine(String markup) in C:\Users\My PC\Downloads\test\v1per-wpf\Console\Ui.cs:line 61
   at V1Per.Ui.Muted(String message) in C:\Users\My PC\Downloads\test\v1per-wpf\Console\Ui.cs:line 119
   at v1per_wpf.MainWindow.<>c__DisplayClass7_2.<.ctor>b__12() in C:\Users\My PC\Downloads\test\v1per-wpf\MainWindow.xaml.cs:line 98
   at System.Windows.Threading.ExceptionWrapper.InternalRealCall(Delegate callback, Object args, Int32 numArgs)
   at System.Windows.Threading.ExceptionWrapper.TryCatchWhen(Object source, Delegate callback, Object args, Int32 numArgs, Delegate catchHandler)

[2026-09-09 14:39:50] System.InvalidOperationException: Could not find color or style 'MTK'.
   at Spectre.Console.AnsiMarkupTagParser.Parse(String text) in /_/src/Spectre.Console.Ansi/AnsiMarkupTagParser.cs:line 10
   at Spectre.Console.AnsiMarkup.Parse(String markup, Nullable`1 style) in /_/src/Spectre.Console.Ansi/AnsiMarkup.cs:line 67
   at Spectre.Console.Markup..ctor(String text, Nullable`1 style) in /_/src/Spectre.Console/Widgets/Markup.cs:line 43
   at Spectre.Console.AnsiConsoleExtensions.Markup(IAnsiConsole console, String value) in /_/src/Spectre.Console/Extensions/AnsiConsoleExtensions.Markup.cs:line 87
   at Spectre.Console.AnsiConsoleExtensions.MarkupLine(IAnsiConsole console, String value) in /_/src/Spectre.Console/Extensions/AnsiConsoleExtensions.Markup.cs:line 133
   at Spectre.Console.AnsiConsole.MarkupLine(String value) in /_/src/Spectre.Console/AnsiConsole.Markup.cs:line 81
   at V1Per.Ui.MarkupLine(String markup) in C:\Users\My PC\Downloads\test\v1per-wpf\Console\Ui.cs:line 61
   at V1Per.Ui.Muted(String message) in C:\Users\My PC\Downloads\test\v1per-wpf\Console\Ui.cs:line 119
   at v1per_wpf.MainWindow.<>c__DisplayClass7_2.<.ctor>b__12() in C:\Users\My PC\Downloads\test\v1per-wpf\MainWindow.xaml.cs:line 98
   at System.Windows.Threading.ExceptionWrapper.InternalRealCall(Delegate callback, Object args, Int32 numArgs)
   at System.Windows.Threading.ExceptionWrapper.TryCatchWhen(Object source, Delegate callback, Object args, Int32 numArgs, Delegate catchHandler)

[2026-09-09 14:39:51] System.InvalidOperationException: Could not find color or style 'MTK'.
   at Spectre.Console.AnsiMarkupTagParser.Parse(String text) in /_/src/Spectre.Console.Ansi/AnsiMarkupTagParser.cs:line 10
   at Spectre.Console.AnsiMarkup.Parse(String markup, Nullable`1 style) in /_/src/Spectre.Console.Ansi/AnsiMarkup.cs:line 67
   at Spectre.Console.Markup..ctor(String text, Nullable`1 style) in /_/src/Spectre.Console/Widgets/Markup.cs:line 43
   at Spectre.Console.AnsiConsoleExtensions.Markup(IAnsiConsole console, String value) in /_/src/Spectre.Console/Extensions/AnsiConsoleExtensions.Markup.cs:line 87
   at Spectre.Console.AnsiConsoleExtensions.MarkupLine(IAnsiConsole console, String value) in /_/src/Spectre.Console/Extensions/AnsiConsoleExtensions.Markup.cs:line 133
   at Spectre.Console.AnsiConsole.MarkupLine(String value) in /_/src/Spectre.Console/AnsiConsole.Markup.cs:line 81
   at V1Per.Ui.MarkupLine(String markup) in C:\Users\My PC\Downloads\test\v1per-wpf\Console\Ui.cs:line 61
   at V1Per.Ui.Muted(String message) in C:\Users\My PC\Downloads\test\v1per-wpf\Console\Ui.cs:line 119
   at v1per_wpf.MainWindow.<>c__DisplayClass7_2.<.ctor>b__12() in C:\Users\My PC\Downloads\test\v1per-wpf\MainWindow.xaml.cs:line 98
   at System.Windows.Threading.ExceptionWrapper.InternalRealCall(Delegate callback, Object args, Int32 numArgs)
   at System.Windows.Threading.ExceptionWrapper.TryCatchWhen(Object source, Delegate callback, Object args, Int32 numArgs, Delegate catchHandler)

[2026-09-09 14:39:51] System.InvalidOperationException: Could not find color or style 'MTK'.
   at Spectre.Console.AnsiMarkupTagParser.Parse(String text) in /_/src/Spectre.Console.Ansi/AnsiMarkupTagParser.cs:line 10
   at Spectre.Console.AnsiMarkup.Parse(String markup, Nullable`1 style) in /_/src/Spectre.Console.Ansi/AnsiMarkup.cs:line 67
   at Spectre.Console.Markup..ctor(String text, Nullable`1 style) in /_/src/Spectre.Console/Widgets/Markup.cs:line 43
   at Spectre.Console.AnsiConsoleExtensions.Markup(IAnsiConsole console, String value) in /_/src/Spectre.Console/Extensions/AnsiConsoleExtensions.Markup.cs:line 87
   at Spectre.Console.AnsiConsoleExtensions.MarkupLine(IAnsiConsole console, String value) in /_/src/Spectre.Console/Extensions/AnsiConsoleExtensions.Markup.cs:line 133
   at Spectre.Console.AnsiConsole.MarkupLine(String value) in /_/src/Spectre.Console/AnsiConsole.Markup.cs:line 81
   at V1Per.Ui.MarkupLine(String markup) in C:\Users\My PC\Downloads\test\v1per-wpf\Console\Ui.cs:line 61
   at V1Per.Ui.Muted(String message) in C:\Users\My PC\Downloads\test\v1per-wpf\Console\Ui.cs:line 119
   at v1per_wpf.MainWindow.<>c__DisplayClass7_2.<.ctor>b__12() in C:\Users\My PC\Downloads\test\v1per-wpf\MainWindow.xaml.cs:line 98
   at System.Windows.Threading.ExceptionWrapper.InternalRealCall(Delegate callback, Object args, Int32 numArgs)
   at System.Windows.Threading.ExceptionWrapper.TryCatchWhen(Object source, Delegate callback, Object args, Int32 numArgs, Delegate catchHandler)

[2026-09-09 14:39:51] System.InvalidOperationException: Could not find color or style 'MTK'.
   at Spectre.Console.AnsiMarkupTagParser.Parse(String text) in /_/src/Spectre.Console.Ansi/AnsiMarkupTagParser.cs:line 10
   at Spectre.Console.AnsiMarkup.Parse(String markup, Nullable`1 style) in /_/src/Spectre.Console.Ansi/AnsiMarkup.cs:line 67
   at Spectre.Console.Markup..ctor(String text, Nullable`1 style) in /_/src/Spectre.Console/Widgets/Markup.cs:line 43
   at Spectre.Console.AnsiConsoleExtensions.Markup(IAnsiConsole console, String value) in /_/src/Spectre.Console/Extensions/AnsiConsoleExtensions.Markup.cs:line 87
   at Spectre.Console.AnsiConsoleExtensions.MarkupLine(IAnsiConsole console, String value) in /_/src/Spectre.Console/Extensions/AnsiConsoleExtensions.Markup.cs:line 133
   at Spectre.Console.AnsiConsole.MarkupLine(String value) in /_/src/Spectre.Console/AnsiConsole.Markup.cs:line 81
   at V1Per.Ui.MarkupLine(String markup) in C:\Users\My PC\Downloads\test\v1per-wpf\Console\Ui.cs:line 61
   at V1Per.Ui.Muted(String message) in C:\Users\My PC\Downloads\test\v1per-wpf\Console\Ui.cs:line 119
   at v1per_wpf.MainWindow.<>c__DisplayClass7_2.<.ctor>b__12() in C:\Users\My PC\Downloads\test\v1per-wpf\MainWindow.xaml.cs:line 98
   at System.Windows.Threading.ExceptionWrapper.InternalRealCall(Delegate callback, Object args, Int32 numArgs)
   at System.Windows.Threading.ExceptionWrapper.TryCatchWhen(Object source, Delegate callback, Object args, Int32 numArgs, Delegate catchHandler)

[2026-09-09 14:39:51] System.InvalidOperationException: Could not find color or style 'MTK'.
   at Spectre.Console.AnsiMarkupTagParser.Parse(String text) in /_/src/Spectre.Console.Ansi/AnsiMarkupTagParser.cs:line 10
   at Spectre.Console.AnsiMarkup.Parse(String markup, Nullable`1 style) in /_/src/Spectre.Console.Ansi/AnsiMarkup.cs:line 67
   at Spectre.Console.Markup..ctor(String text, Nullable`1 style) in /_/src/Spectre.Console/Widgets/Markup.cs:line 43
   at Spectre.Console.AnsiConsoleExtensions.Markup(IAnsiConsole console, String value) in /_/src/Spectre.Console/Extensions/AnsiConsoleExtensions.Markup.cs:line 87
   at Spectre.Console.AnsiConsoleExtensions.MarkupLine(IAnsiConsole console, String value) in /_/src/Spectre.Console/Extensions/AnsiConsoleExtensions.Markup.cs:line 133
   at Spectre.Console.AnsiConsole.MarkupLine(String value) in /_/src/Spectre.Console/AnsiConsole.Markup.cs:line 81
   at V1Per.Ui.MarkupLine(String markup) in C:\Users\My PC\Downloads\test\v1per-wpf\Console\Ui.cs:line 61
   at V1Per.Ui.Muted(String message) in C:\Users\My PC\Downloads\test\v1per-wpf\Console\Ui.cs:line 119
   at v1per_wpf.MainWindow.<>c__DisplayClass7_2.<.ctor>b__12() in C:\Users\My PC\Downloads\test\v1per-wpf\MainWindow.xaml.cs:line 98
   at System.Windows.Threading.ExceptionWrapper.InternalRealCall(Delegate callback, Object args, Int32 numArgs)
   at System.Windows.Threading.ExceptionWrapper.TryCatchWhen(Object source, Delegate callback, Object args, Int32 numArgs, Delegate catchHandler)

[2026-09-09 14:40:08] System.InvalidOperationException: Could not find color or style 'MTK'.
   at Spectre.Console.AnsiMarkupTagParser.Parse(String text) in /_/src/Spectre.Console.Ansi/AnsiMarkupTagParser.cs:line 10
   at Spectre.Console.AnsiMarkup.Parse(String markup, Nullable`1 style) in /_/src/Spectre.Console.Ansi/AnsiMarkup.cs:line 67
   at Spectre.Console.Markup..ctor(String text, Nullable`1 style) in /_/src/Spectre.Console/Widgets/Markup.cs:line 43
   at Spectre.Console.AnsiConsoleExtensions.Markup(IAnsiConsole console, String value) in /_/src/Spectre.Console/Extensions/AnsiConsoleExtensions.Markup.cs:line 87
   at Spectre.Console.AnsiConsoleExtensions.MarkupLine(IAnsiConsole console, String value) in /_/src/Spectre.Console/Extensions/AnsiConsoleExtensions.Markup.cs:line 133
   at Spectre.Console.AnsiConsole.MarkupLine(String value) in /_/src/Spectre.Console/AnsiConsole.Markup.cs:line 81
   at V1Per.Ui.MarkupLine(String markup) in C:\Users\My PC\Downloads\test\v1per-wpf\Console\Ui.cs:line 61
   at V1Per.Ui.Muted(String message) in C:\Users\My PC\Downloads\test\v1per-wpf\Console\Ui.cs:line 119
   at v1per_wpf.MainWindow.<>c__DisplayClass7_2.<.ctor>b__12() in C:\Users\My PC\Downloads\test\v1per-wpf\MainWindow.xaml.cs:line 98
   at System.Windows.Threading.ExceptionWrapper.InternalRealCall(Delegate callback, Object args, Int32 numArgs)
   at System.Windows.Threading.ExceptionWrapper.TryCatchWhen(Object source, Delegate callback, Object args, Int32 numArgs, Delegate catchHandler)

[2026-09-09 14:40:08] System.InvalidOperationException: Could not find color or style 'MTK'.
   at Spectre.Console.AnsiMarkupTagParser.Parse(String text) in /_/src/Spectre.Console.Ansi/AnsiMarkupTagParser.cs:line 10
   at Spectre.Console.AnsiMarkup.Parse(String markup, Nullable`1 style) in /_/src/Spectre.Console.Ansi/AnsiMarkup.cs:line 67
   at Spectre.Console.Markup..ctor(String text, Nullable`1 style) in /_/src/Spectre.Console/Widgets/Markup.cs:line 43
   at Spectre.Console.AnsiConsoleExtensions.Markup(IAnsiConsole console, String value) in /_/src/Spectre.Console/Extensions/AnsiConsoleExtensions.Markup.cs:line 87
   at Spectre.Console.AnsiConsoleExtensions.MarkupLine(IAnsiConsole console, String value) in /_/src/Spectre.Console/Extensions/AnsiConsoleExtensions.Markup.cs:line 133
   at Spectre.Console.AnsiConsole.MarkupLine(String value) in /_/src/Spectre.Console/AnsiConsole.Markup.cs:line 81
   at V1Per.Ui.MarkupLine(String markup) in C:\Users\My PC\Downloads\test\v1per-wpf\Console\Ui.cs:line 61
   at V1Per.Ui.Muted(String message) in C:\Users\My PC\Downloads\test\v1per-wpf\Console\Ui.cs:line 119
   at v1per_wpf.MainWindow.<>c__DisplayClass7_2.<.ctor>b__12() in C:\Users\My PC\Downloads\test\v1per-wpf\MainWindow.xaml.cs:line 98
   at System.Windows.Threading.ExceptionWrapper.InternalRealCall(Delegate callback, Object args, Int32 numArgs)
   at System.Windows.Threading.ExceptionWrapper.TryCatchWhen(Object source, Delegate callback, Object args, Int32 numArgs, Delegate catchHandler)

[2026-09-09 14:40:08] System.InvalidOperationException: Could not find color or style 'MTK'.
   at Spectre.Console.AnsiMarkupTagParser.Parse(String text) in /_/src/Spectre.Console.Ansi/AnsiMarkupTagParser.cs:line 10
   at Spectre.Console.AnsiMarkup.Parse(String markup, Nullable`1 style) in /_/src/Spectre.Console.Ansi/AnsiMarkup.cs:line 67
   at Spectre.Console.Markup..ctor(String text, Nullable`1 style) in /_/src/Spectre.Console/Widgets/Markup.cs:line 43
   at Spectre.Console.AnsiConsoleExtensions.Markup(IAnsiConsole console, String value) in /_/src/Spectre.Console/Extensions/AnsiConsoleExtensions.Markup.cs:line 87
   at Spectre.Console.AnsiConsoleExtensions.MarkupLine(IAnsiConsole console, String value) in /_/src/Spectre.Console/Extensions/AnsiConsoleExtensions.Markup.cs:line 133
   at Spectre.Console.AnsiConsole.MarkupLine(String value) in /_/src/Spectre.Console/AnsiConsole.Markup.cs:line 81
   at V1Per.Ui.MarkupLine(String markup) in C:\Users\My PC\Downloads\test\v1per-wpf\Console\Ui.cs:line 61
   at V1Per.Ui.Muted(String message) in C:\Users\My PC\Downloads\test\v1per-wpf\Console\Ui.cs:line 119
   at v1per_wpf.MainWindow.<>c__DisplayClass7_2.<.ctor>b__12() in C:\Users\My PC\Downloads\test\v1per-wpf\MainWindow.xaml.cs:line 98
   at System.Windows.Threading.ExceptionWrapper.InternalRealCall(Delegate callback, Object args, Int32 numArgs)
   at System.Windows.Threading.ExceptionWrapper.TryCatchWhen(Object source, Delegate callback, Object args, Int32 numArgs, Delegate catchHandler)

[2026-09-09 14:40:08] System.InvalidOperationException: Could not find color or style 'MTK'.
   at Spectre.Console.AnsiMarkupTagParser.Parse(String text) in /_/src/Spectre.Console.Ansi/AnsiMarkupTagParser.cs:line 10
   at Spectre.Console.AnsiMarkup.Parse(String markup, Nullable`1 style) in /_/src/Spectre.Console.Ansi/AnsiMarkup.cs:line 67
   at Spectre.Console.Markup..ctor(String text, Nullable`1 style) in /_/src/Spectre.Console/Widgets/Markup.cs:line 43
   at Spectre.Console.AnsiConsoleExtensions.Markup(IAnsiConsole console, String value) in /_/src/Spectre.Console/Extensions/AnsiConsoleExtensions.Markup.cs:line 87
   at Spectre.Console.AnsiConsoleExtensions.MarkupLine(IAnsiConsole console, String value) in /_/src/Spectre.Console/Extensions/AnsiConsoleExtensions.Markup.cs:line 133
   at Spectre.Console.AnsiConsole.MarkupLine(String value) in /_/src/Spectre.Console/AnsiConsole.Markup.cs:line 81
   at V1Per.Ui.MarkupLine(String markup) in C:\Users\My PC\Downloads\test\v1per-wpf\Console\Ui.cs:line 61
   at V1Per.Ui.Muted(String message) in C:\Users\My PC\Downloads\test\v1per-wpf\Console\Ui.cs:line 119
   at v1per_wpf.MainWindow.<>c__DisplayClass7_2.<.ctor>b__12() in C:\Users\My PC\Downloads\test\v1per-wpf\MainWindow.xaml.cs:line 98
   at System.Windows.Threading.ExceptionWrapper.InternalRealCall(Delegate callback, Object args, Int32 numArgs)
   at System.Windows.Threading.ExceptionWrapper.TryCatchWhen(Object source, Delegate callback, Object args, Int32 numArgs, Delegate catchHandler)

[2026-09-09 14:40:08] System.InvalidOperationException: Could not find color or style 'MTK'.
   at Spectre.Console.AnsiMarkupTagParser.Parse(String text) in /_/src/Spectre.Console.Ansi/AnsiMarkupTagParser.cs:line 10
   at Spectre.Console.AnsiMarkup.Parse(String markup, Nullable`1 style) in /_/src/Spectre.Console.Ansi/AnsiMarkup.cs:line 67
   at Spectre.Console.Markup..ctor(String text, Nullable`1 style) in /_/src/Spectre.Console/Widgets/Markup.cs:line 43
   at Spectre.Console.AnsiConsoleExtensions.Markup(IAnsiConsole console, String value) in /_/src/Spectre.Console/Extensions/AnsiConsoleExtensions.Markup.cs:line 87
   at Spectre.Console.AnsiConsoleExtensions.MarkupLine(IAnsiConsole console, String value) in /_/src/Spectre.Console/Extensions/AnsiConsoleExtensions.Markup.cs:line 133
   at Spectre.Console.AnsiConsole.MarkupLine(String value) in /_/src/Spectre.Console/AnsiConsole.Markup.cs:line 81
   at V1Per.Ui.MarkupLine(String markup) in C:\Users\My PC\Downloads\test\v1per-wpf\Console\Ui.cs:line 61
   at V1Per.Ui.Muted(String message) in C:\Users\My PC\Downloads\test\v1per-wpf\Console\Ui.cs:line 119
   at v1per_wpf.MainWindow.<>c__DisplayClass7_2.<.ctor>b__12() in C:\Users\My PC\Downloads\test\v1per-wpf\MainWindow.xaml.cs:line 98
   at System.Windows.Threading.ExceptionWrapper.InternalRealCall(Delegate callback, Object args, Int32 numArgs)
   at System.Windows.Threading.ExceptionWrapper.TryCatchWhen(Object source, Delegate callback, Object args, Int32 numArgs, Delegate catchHandler)

[2026-09-09 14:40:08] System.InvalidOperationException: Could not find color or style 'MTK'.
   at Spectre.Console.AnsiMarkupTagParser.Parse(String text) in /_/src/Spectre.Console.Ansi/AnsiMarkupTagParser.cs:line 10
   at Spectre.Console.AnsiMarkup.Parse(String markup, Nullable`1 style) in /_/src/Spectre.Console.Ansi/AnsiMarkup.cs:line 67
   at Spectre.Console.Markup..ctor(String text, Nullable`1 style) in /_/src/Spectre.Console/Widgets/Markup.cs:line 43
   at Spectre.Console.AnsiConsoleExtensions.Markup(IAnsiConsole console, String value) in /_/src/Spectre.Console/Extensions/AnsiConsoleExtensions.Markup.cs:line 87
   at Spectre.Console.AnsiConsoleExtensions.MarkupLine(IAnsiConsole console, String value) in /_/src/Spectre.Console/Extensions/AnsiConsoleExtensions.Markup.cs:line 133
   at Spectre.Console.AnsiConsole.MarkupLine(String value) in /_/src/Spectre.Console/AnsiConsole.Markup.cs:line 81
   at V1Per.Ui.MarkupLine(String markup) in C:\Users\My PC\Downloads\test\v1per-wpf\Console\Ui.cs:line 61
   at V1Per.Ui.Muted(String message) in C:\Users\My PC\Downloads\test\v1per-wpf\Console\Ui.cs:line 119
   at v1per_wpf.MainWindow.<>c__DisplayClass7_2.<.ctor>b__12() in C:\Users\My PC\Downloads\test\v1per-wpf\MainWindow.xaml.cs:line 98
   at System.Windows.Threading.ExceptionWrapper.InternalRealCall(Delegate callback, Object args, Int32 numArgs)
   at System.Windows.Threading.ExceptionWrapper.TryCatchWhen(Object source, Delegate callback, Object args, Int32 numArgs, Delegate catchHandler)

[2026-09-09 14:40:08] System.InvalidOperationException: Could not find color or style 'MTK'.
   at Spectre.Console.AnsiMarkupTagParser.Parse(String text) in /_/src/Spectre.Console.Ansi/AnsiMarkupTagParser.cs:line 10
   at Spectre.Console.AnsiMarkup.Parse(String markup, Nullable`1 style) in /_/src/Spectre.Console.Ansi/AnsiMarkup.cs:line 67
   at Spectre.Console.Markup..ctor(String text, Nullable`1 style) in /_/src/Spectre.Console/Widgets/Markup.cs:line 43
   at Spectre.Console.AnsiConsoleExtensions.Markup(IAnsiConsole console, String value) in /_/src/Spectre.Console/Extensions/AnsiConsoleExtensions.Markup.cs:line 87
   at Spectre.Console.AnsiConsoleExtensions.MarkupLine(IAnsiConsole console, String value) in /_/src/Spectre.Console/Extensions/AnsiConsoleExtensions.Markup.cs:line 133
   at Spectre.Console.AnsiConsole.MarkupLine(String value) in /_/src/Spectre.Console/AnsiConsole.Markup.cs:line 81
   at V1Per.Ui.MarkupLine(String markup) in C:\Users\My PC\Downloads\test\v1per-wpf\Console\Ui.cs:line 61
   at V1Per.Ui.Muted(String message) in C:\Users\My PC\Downloads\test\v1per-wpf\Console\Ui.cs:line 119
   at v1per_wpf.MainWindow.<>c__DisplayClass7_2.<.ctor>b__12() in C:\Users\My PC\Downloads\test\v1per-wpf\MainWindow.xaml.cs:line 98
   at System.Windows.Threading.ExceptionWrapper.InternalRealCall(Delegate callback, Object args, Int32 numArgs)
   at System.Windows.Threading.ExceptionWrapper.TryCatchWhen(Object source, Delegate callback, Object args, Int32 numArgs, Delegate catchHandler)

[2026-09-09 14:40:08] System.InvalidOperationException: Could not find color or style 'MTK'.
   at Spectre.Console.AnsiMarkupTagParser.Parse(String text) in /_/src/Spectre.Console.Ansi/AnsiMarkupTagParser.cs:line 10
   at Spectre.Console.AnsiMarkup.Parse(String markup, Nullable`1 style) in /_/src/Spectre.Console.Ansi/AnsiMarkup.cs:line 67
   at Spectre.Console.Markup..ctor(String text, Nullable`1 style) in /_/src/Spectre.Console/Widgets/Markup.cs:line 43
   at Spectre.Console.AnsiConsoleExtensions.Markup(IAnsiConsole console, String value) in /_/src/Spectre.Console/Extensions/AnsiConsoleExtensions.Markup.cs:line 87
   at Spectre.Console.AnsiConsoleExtensions.MarkupLine(IAnsiConsole console, String value) in /_/src/Spectre.Console/Extensions/AnsiConsoleExtensions.Markup.cs:line 133
   at Spectre.Console.AnsiConsole.MarkupLine(String value) in /_/src/Spectre.Console/AnsiConsole.Markup.cs:line 81
   at V1Per.Ui.MarkupLine(String markup) in C:\Users\My PC\Downloads\test\v1per-wpf\Console\Ui.cs:line 61
   at V1Per.Ui.Muted(String message) in C:\Users\My PC\Downloads\test\v1per-wpf\Console\Ui.cs:line 119
   at v1per_wpf.MainWindow.<>c__DisplayClass7_2.<.ctor>b__12() in C:\Users\My PC\Downloads\test\v1per-wpf\MainWindow.xaml.cs:line 98
   at System.Windows.Threading.ExceptionWrapper.InternalRealCall(Delegate callback, Object args, Int32 numArgs)
   at System.Windows.Threading.ExceptionWrapper.TryCatchWhen(Object source, Delegate callback, Object args, Int32 numArgs, Delegate catchHandler)

[2026-09-09 14:40:08] System.InvalidOperationException: Could not find color or style 'MTK'.
   at Spectre.Console.AnsiMarkupTagParser.Parse(String text) in /_/src/Spectre.Console.Ansi/AnsiMarkupTagParser.cs:line 10
   at Spectre.Console.AnsiMarkup.Parse(String markup, Nullable`1 style) in /_/src/Spectre.Console.Ansi/AnsiMarkup.cs:line 67
   at Spectre.Console.Markup..ctor(String text, Nullable`1 style) in /_/src/Spectre.Console/Widgets/Markup.cs:line 43
   at Spectre.Console.AnsiConsoleExtensions.Markup(IAnsiConsole console, String value) in /_/src/Spectre.Console/Extensions/AnsiConsoleExtensions.Markup.cs:line 87
   at Spectre.Console.AnsiConsoleExtensions.MarkupLine(IAnsiConsole console, String value) in /_/src/Spectre.Console/Extensions/AnsiConsoleExtensions.Markup.cs:line 133
   at Spectre.Console.AnsiConsole.MarkupLine(String value) in /_/src/Spectre.Console/AnsiConsole.Markup.cs:line 81
   at V1Per.Ui.MarkupLine(String markup) in C:\Users\My PC\Downloads\test\v1per-wpf\Console\Ui.cs:line 61
   at V1Per.Ui.Muted(String message) in C:\Users\My PC\Downloads\test\v1per-wpf\Console\Ui.cs:line 119
   at v1per_wpf.MainWindow.<>c__DisplayClass7_2.<.ctor>b__12() in C:\Users\My PC\Downloads\test\v1per-wpf\MainWindow.xaml.cs:line 98
   at System.Windows.Threading.ExceptionWrapper.InternalRealCall(Delegate callback, Object args, Int32 numArgs)
   at System.Windows.Threading.ExceptionWrapper.TryCatchWhen(Object source, Delegate callback, Object args, Int32 numArgs, Delegate catchHandler)

[2026-09-09 14:40:08] System.InvalidOperationException: Could not find color or style 'MTK'.
   at Spectre.Console.AnsiMarkupTagParser.Parse(String text) in /_/src/Spectre.Console.Ansi/AnsiMarkupTagParser.cs:line 10
   at Spectre.Console.AnsiMarkup.Parse(String markup, Nullable`1 style) in /_/src/Spectre.Console.Ansi/AnsiMarkup.cs:line 67
   at Spectre.Console.Markup..ctor(String text, Nullable`1 style) in /_/src/Spectre.Console/Widgets/Markup.cs:line 43
   at Spectre.Console.AnsiConsoleExtensions.Markup(IAnsiConsole console, String value) in /_/src/Spectre.Console/Extensions/AnsiConsoleExtensions.Markup.cs:line 87
   at Spectre.Console.AnsiConsoleExtensions.MarkupLine(IAnsiConsole console, String value) in /_/src/Spectre.Console/Extensions/AnsiConsoleExtensions.Markup.cs:line 133
   at Spectre.Console.AnsiConsole.MarkupLine(String value) in /_/src/Spectre.Console/AnsiConsole.Markup.cs:line 81
   at V1Per.Ui.MarkupLine(String markup) in C:\Users\My PC\Downloads\test\v1per-wpf\Console\Ui.cs:line 61
   at V1Per.Ui.Muted(String message) in C:\Users\My PC\Downloads\test\v1per-wpf\Console\Ui.cs:line 119
   at v1per_wpf.MainWindow.<>c__DisplayClass7_2.<.ctor>b__12() in C:\Users\My PC\Downloads\test\v1per-wpf\MainWindow.xaml.cs:line 98
   at System.Windows.Threading.ExceptionWrapper.InternalRealCall(Delegate callback, Object args, Int32 numArgs)
   at System.Windows.Threading.ExceptionWrapper.TryCatchWhen(Object source, Delegate callback, Object args, Int32 numArgs, Delegate catchHandler)

[2026-09-09 14:40:08] System.InvalidOperationException: Could not find color or style 'MTK'.
   at Spectre.Console.AnsiMarkupTagParser.Parse(String text) in /_/src/Spectre.Console.Ansi/AnsiMarkupTagParser.cs:line 10
   at Spectre.Console.AnsiMarkup.Parse(String markup, Nullable`1 style) in /_/src/Spectre.Console.Ansi/AnsiMarkup.cs:line 67
   at Spectre.Console.Markup..ctor(String text, Nullable`1 style) in /_/src/Spectre.Console/Widgets/Markup.cs:line 43
   at Spectre.Console.AnsiConsoleExtensions.Markup(IAnsiConsole console, String value) in /_/src/Spectre.Console/Extensions/AnsiConsoleExtensions.Markup.cs:line 87
   at Spectre.Console.AnsiConsoleExtensions.MarkupLine(IAnsiConsole console, String value) in /_/src/Spectre.Console/Extensions/AnsiConsoleExtensions.Markup.cs:line 133
   at Spectre.Console.AnsiConsole.MarkupLine(String value) in /_/src/Spectre.Console/AnsiConsole.Markup.cs:line 81
   at V1Per.Ui.MarkupLine(String markup) in C:\Users\My PC\Downloads\test\v1per-wpf\Console\Ui.cs:line 61
   at V1Per.Ui.Muted(String message) in C:\Users\My PC\Downloads\test\v1per-wpf\Console\Ui.cs:line 119
   at v1per_wpf.MainWindow.<>c__DisplayClass7_2.<.ctor>b__12() in C:\Users\My PC\Downloads\test\v1per-wpf\MainWindow.xaml.cs:line 98
   at System.Windows.Threading.ExceptionWrapper.InternalRealCall(Delegate callback, Object args, Int32 numArgs)
   at System.Windows.Threading.ExceptionWrapper.TryCatchWhen(Object source, Delegate callback, Object args, Int32 numArgs, Delegate catchHandler)

[2026-09-09 14:40:08] System.InvalidOperationException: Could not find color or style 'MTK'.
   at Spectre.Console.AnsiMarkupTagParser.Parse(String text) in /_/src/Spectre.Console.Ansi/AnsiMarkupTagParser.cs:line 10
   at Spectre.Console.AnsiMarkup.Parse(String markup, Nullable`1 style) in /_/src/Spectre.Console.Ansi/AnsiMarkup.cs:line 67
   at Spectre.Console.Markup..ctor(String text, Nullable`1 style) in /_/src/Spectre.Console/Widgets/Markup.cs:line 43
   at Spectre.Console.AnsiConsoleExtensions.Markup(IAnsiConsole console, String value) in /_/src/Spectre.Console/Extensions/AnsiConsoleExtensions.Markup.cs:line 87
   at Spectre.Console.AnsiConsoleExtensions.MarkupLine(IAnsiConsole console, String value) in /_/src/Spectre.Console/Extensions/AnsiConsoleExtensions.Markup.cs:line 133
   at Spectre.Console.AnsiConsole.MarkupLine(String value) in /_/src/Spectre.Console/AnsiConsole.Markup.cs:line 81
   at V1Per.Ui.MarkupLine(String markup) in C:\Users\My PC\Downloads\test\v1per-wpf\Console\Ui.cs:line 61
   at V1Per.Ui.Muted(String message) in C:\Users\My PC\Downloads\test\v1per-wpf\Console\Ui.cs:line 119
   at v1per_wpf.MainWindow.<>c__DisplayClass7_2.<.ctor>b__12() in C:\Users\My PC\Downloads\test\v1per-wpf\MainWindow.xaml.cs:line 98
   at System.Windows.Threading.ExceptionWrapper.InternalRealCall(Delegate callback, Object args, Int32 numArgs)
   at System.Windows.Threading.ExceptionWrapper.TryCatchWhen(Object source, Delegate callback, Object args, Int32 numArgs, Delegate catchHandler)

[2026-09-09 14:40:08] System.InvalidOperationException: Could not find color or style 'MTK'.
   at Spectre.Console.AnsiMarkupTagParser.Parse(String text) in /_/src/Spectre.Console.Ansi/AnsiMarkupTagParser.cs:line 10
   at Spectre.Console.AnsiMarkup.Parse(String markup, Nullable`1 style) in /_/src/Spectre.Console.Ansi/AnsiMarkup.cs:line 67
   at Spectre.Console.Markup..ctor(String text, Nullable`1 style) in /_/src/Spectre.Console/Widgets/Markup.cs:line 43
   at Spectre.Console.AnsiConsoleExtensions.Markup(IAnsiConsole console, String value) in /_/src/Spectre.Console/Extensions/AnsiConsoleExtensions.Markup.cs:line 87
   at Spectre.Console.AnsiConsoleExtensions.MarkupLine(IAnsiConsole console, String value) in /_/src/Spectre.Console/Extensions/AnsiConsoleExtensions.Markup.cs:line 133
   at Spectre.Console.AnsiConsole.MarkupLine(String value) in /_/src/Spectre.Console/AnsiConsole.Markup.cs:line 81
   at V1Per.Ui.MarkupLine(String markup) in C:\Users\My PC\Downloads\test\v1per-wpf\Console\Ui.cs:line 61
   at V1Per.Ui.Muted(String message) in C:\Users\My PC\Downloads\test\v1per-wpf\Console\Ui.cs:line 119
   at v1per_wpf.MainWindow.<>c__DisplayClass7_2.<.ctor>b__12() in C:\Users\My PC\Downloads\test\v1per-wpf\MainWindow.xaml.cs:line 98
   at System.Windows.Threading.ExceptionWrapper.InternalRealCall(Delegate callback, Object args, Int32 numArgs)
   at System.Windows.Threading.ExceptionWrapper.TryCatchWhen(Object source, Delegate callback, Object args, Int32 numArgs, Delegate catchHandler)

[2026-09-09 14:40:08] System.InvalidOperationException: Could not find color or style 'MTK'.
   at Spectre.Console.AnsiMarkupTagParser.Parse(String text) in /_/src/Spectre.Console.Ansi/AnsiMarkupTagParser.cs:line 10
   at Spectre.Console.AnsiMarkup.Parse(String markup, Nullable`1 style) in /_/src/Spectre.Console.Ansi/AnsiMarkup.cs:line 67
   at Spectre.Console.Markup..ctor(String text, Nullable`1 style) in /_/src/Spectre.Console/Widgets/Markup.cs:line 43
   at Spectre.Console.AnsiConsoleExtensions.Markup(IAnsiConsole console, String value) in /_/src/Spectre.Console/Extensions/AnsiConsoleExtensions.Markup.cs:line 87
   at Spectre.Console.AnsiConsoleExtensions.MarkupLine(IAnsiConsole console, String value) in /_/src/Spectre.Console/Extensions/AnsiConsoleExtensions.Markup.cs:line 133
   at Spectre.Console.AnsiConsole.MarkupLine(String value) in /_/src/Spectre.Console/AnsiConsole.Markup.cs:line 81
   at V1Per.Ui.MarkupLine(String markup) in C:\Users\My PC\Downloads\test\v1per-wpf\Console\Ui.cs:line 61
   at V1Per.Ui.Muted(String message) in C:\Users\My PC\Downloads\test\v1per-wpf\Console\Ui.cs:line 119
   at v1per_wpf.MainWindow.<>c__DisplayClass7_2.<.ctor>b__12() in C:\Users\My PC\Downloads\test\v1per-wpf\MainWindow.xaml.cs:line 98
   at System.Windows.Threading.ExceptionWrapper.InternalRealCall(Delegate callback, Object args, Int32 numArgs)
   at System.Windows.Threading.ExceptionWrapper.TryCatchWhen(Object source, Delegate callback, Object args, Int32 numArgs, Delegate catchHandler)

[2026-09-09 14:40:09] System.InvalidOperationException: Could not find color or style 'MTK'.
   at Spectre.Console.AnsiMarkupTagParser.Parse(String text) in /_/src/Spectre.Console.Ansi/AnsiMarkupTagParser.cs:line 10
   at Spectre.Console.AnsiMarkup.Parse(String markup, Nullable`1 style) in /_/src/Spectre.Console.Ansi/AnsiMarkup.cs:line 67
   at Spectre.Console.Markup..ctor(String text, Nullable`1 style) in /_/src/Spectre.Console/Widgets/Markup.cs:line 43
   at Spectre.Console.AnsiConsoleExtensions.Markup(IAnsiConsole console, String value) in /_/src/Spectre.Console/Extensions/AnsiConsoleExtensions.Markup.cs:line 87
   at Spectre.Console.AnsiConsoleExtensions.MarkupLine(IAnsiConsole console, String value) in /_/src/Spectre.Console/Extensions/AnsiConsoleExtensions.Markup.cs:line 133
   at Spectre.Console.AnsiConsole.MarkupLine(String value) in /_/src/Spectre.Console/AnsiConsole.Markup.cs:line 81
   at V1Per.Ui.MarkupLine(String markup) in C:\Users\My PC\Downloads\test\v1per-wpf\Console\Ui.cs:line 61
   at V1Per.Ui.Muted(String message) in C:\Users\My PC\Downloads\test\v1per-wpf\Console\Ui.cs:line 119
   at v1per_wpf.MainWindow.<>c__DisplayClass7_2.<.ctor>b__12() in C:\Users\My PC\Downloads\test\v1per-wpf\MainWindow.xaml.cs:line 98
   at System.Windows.Threading.ExceptionWrapper.InternalRealCall(Delegate callback, Object args, Int32 numArgs)
   at System.Windows.Threading.ExceptionWrapper.TryCatchWhen(Object source, Delegate callback, Object args, Int32 numArgs, Delegate catchHandler)

[2026-09-09 14:40:09] System.InvalidOperationException: Could not find color or style 'MTK'.
   at Spectre.Console.AnsiMarkupTagParser.Parse(String text) in /_/src/Spectre.Console.Ansi/AnsiMarkupTagParser.cs:line 10
   at Spectre.Console.AnsiMarkup.Parse(String markup, Nullable`1 style) in /_/src/Spectre.Console.Ansi/AnsiMarkup.cs:line 67
   at Spectre.Console.Markup..ctor(String text, Nullable`1 style) in /_/src/Spectre.Console/Widgets/Markup.cs:line 43
   at Spectre.Console.AnsiConsoleExtensions.Markup(IAnsiConsole console, String value) in /_/src/Spectre.Console/Extensions/AnsiConsoleExtensions.Markup.cs:line 87
   at Spectre.Console.AnsiConsoleExtensions.MarkupLine(IAnsiConsole console, String value) in /_/src/Spectre.Console/Extensions/AnsiConsoleExtensions.Markup.cs:line 133
   at Spectre.Console.AnsiConsole.MarkupLine(String value) in /_/src/Spectre.Console/AnsiConsole.Markup.cs:line 81
   at V1Per.Ui.MarkupLine(String markup) in C:\Users\My PC\Downloads\test\v1per-wpf\Console\Ui.cs:line 61
   at V1Per.Ui.Muted(String message) in C:\Users\My PC\Downloads\test\v1per-wpf\Console\Ui.cs:line 119
   at v1per_wpf.MainWindow.<>c__DisplayClass7_2.<.ctor>b__12() in C:\Users\My PC\Downloads\test\v1per-wpf\MainWindow.xaml.cs:line 98
   at System.Windows.Threading.ExceptionWrapper.InternalRealCall(Delegate callback, Object args, Int32 numArgs)
   at System.Windows.Threading.ExceptionWrapper.TryCatchWhen(Object source, Delegate callback, Object args, Int32 numArgs, Delegate catchHandler)

[2026-09-09 14:40:09] System.InvalidOperationException: Could not find color or style 'MTK'.
   at Spectre.Console.AnsiMarkupTagParser.Parse(String text) in /_/src/Spectre.Console.Ansi/AnsiMarkupTagParser.cs:line 10
   at Spectre.Console.AnsiMarkup.Parse(String markup, Nullable`1 style) in /_/src/Spectre.Console.Ansi/AnsiMarkup.cs:line 67
   at Spectre.Console.Markup..ctor(String text, Nullable`1 style) in /_/src/Spectre.Console/Widgets/Markup.cs:line 43
   at Spectre.Console.AnsiConsoleExtensions.Markup(IAnsiConsole console, String value) in /_/src/Spectre.Console/Extensions/AnsiConsoleExtensions.Markup.cs:line 87
   at Spectre.Console.AnsiConsoleExtensions.MarkupLine(IAnsiConsole console, String value) in /_/src/Spectre.Console/Extensions/AnsiConsoleExtensions.Markup.cs:line 133
   at Spectre.Console.AnsiConsole.MarkupLine(String value) in /_/src/Spectre.Console/AnsiConsole.Markup.cs:line 81
   at V1Per.Ui.MarkupLine(String markup) in C:\Users\My PC\Downloads\test\v1per-wpf\Console\Ui.cs:line 61
   at V1Per.Ui.Muted(String message) in C:\Users\My PC\Downloads\test\v1per-wpf\Console\Ui.cs:line 119
   at v1per_wpf.MainWindow.<>c__DisplayClass7_2.<.ctor>b__12() in C:\Users\My PC\Downloads\test\v1per-wpf\MainWindow.xaml.cs:line 98
   at System.Windows.Threading.ExceptionWrapper.InternalRealCall(Delegate callback, Object args, Int32 numArgs)
   at System.Windows.Threading.ExceptionWrapper.TryCatchWhen(Object source, Delegate callback, Object args, Int32 numArgs, Delegate catchHandler)

[2026-09-09 14:40:09] System.InvalidOperationException: Could not find color or style 'MTK'.
   at Spectre.Console.AnsiMarkupTagParser.Parse(String text) in /_/src/Spectre.Console.Ansi/AnsiMarkupTagParser.cs:line 10
   at Spectre.Console.AnsiMarkup.Parse(String markup, Nullable`1 style) in /_/src/Spectre.Console.Ansi/AnsiMarkup.cs:line 67
   at Spectre.Console.Markup..ctor(String text, Nullable`1 style) in /_/src/Spectre.Console/Widgets/Markup.cs:line 43
   at Spectre.Console.AnsiConsoleExtensions.Markup(IAnsiConsole console, String value) in /_/src/Spectre.Console/Extensions/AnsiConsoleExtensions.Markup.cs:line 87
   at Spectre.Console.AnsiConsoleExtensions.MarkupLine(IAnsiConsole console, String value) in /_/src/Spectre.Console/Extensions/AnsiConsoleExtensions.Markup.cs:line 133
   at Spectre.Console.AnsiConsole.MarkupLine(String value) in /_/src/Spectre.Console/AnsiConsole.Markup.cs:line 81
   at V1Per.Ui.MarkupLine(String markup) in C:\Users\My PC\Downloads\test\v1per-wpf\Console\Ui.cs:line 61
   at V1Per.Ui.Muted(String message) in C:\Users\My PC\Downloads\test\v1per-wpf\Console\Ui.cs:line 119
   at v1per_wpf.MainWindow.<>c__DisplayClass7_2.<.ctor>b__12() in C:\Users\My PC\Downloads\test\v1per-wpf\MainWindow.xaml.cs:line 98
   at System.Windows.Threading.ExceptionWrapper.InternalRealCall(Delegate callback, Object args, Int32 numArgs)
   at System.Windows.Threading.ExceptionWrapper.TryCatchWhen(Object source, Delegate callback, Object args, Int32 numArgs, Delegate catchHandler)

[2026-09-09 14:43:17] System.InvalidOperationException: Could not find color or style 'MTK'.
   at Spectre.Console.AnsiMarkupTagParser.Parse(String text) in /_/src/Spectre.Console.Ansi/AnsiMarkupTagParser.cs:line 10
   at Spectre.Console.AnsiMarkup.Parse(String markup, Nullable`1 style) in /_/src/Spectre.Console.Ansi/AnsiMarkup.cs:line 67
   at Spectre.Console.Markup..ctor(String text, Nullable`1 style) in /_/src/Spectre.Console/Widgets/Markup.cs:line 43
   at Spectre.Console.AnsiConsoleExtensions.Markup(IAnsiConsole console, String value) in /_/src/Spectre.Console/Extensions/AnsiConsoleExtensions.Markup.cs:line 87
   at Spectre.Console.AnsiConsoleExtensions.MarkupLine(IAnsiConsole console, String value) in /_/src/Spectre.Console/Extensions/AnsiConsoleExtensions.Markup.cs:line 133
   at Spectre.Console.AnsiConsole.MarkupLine(String value) in /_/src/Spectre.Console/AnsiConsole.Markup.cs:line 81
   at V1Per.Ui.MarkupLine(String markup) in C:\Users\My PC\Downloads\test\v1per-wpf\Console\Ui.cs:line 61
   at V1Per.Ui.Muted(String message) in C:\Users\My PC\Downloads\test\v1per-wpf\Console\Ui.cs:line 119
   at v1per_wpf.MainWindow.<>c__DisplayClass7_2.<.ctor>b__12() in C:\Users\My PC\Downloads\test\v1per-wpf\MainWindow.xaml.cs:line 97
   at System.Windows.Threading.ExceptionWrapper.InternalRealCall(Delegate callback, Object args, Int32 numArgs)
   at System.Windows.Threading.ExceptionWrapper.TryCatchWhen(Object source, Delegate callback, Object args, Int32 numArgs, Delegate catchHandler)

[2026-09-09 14:43:17] System.InvalidOperationException: Could not find color or style 'MTK'.
   at Spectre.Console.AnsiMarkupTagParser.Parse(String text) in /_/src/Spectre.Console.Ansi/AnsiMarkupTagParser.cs:line 10
   at Spectre.Console.AnsiMarkup.Parse(String markup, Nullable`1 style) in /_/src/Spectre.Console.Ansi/AnsiMarkup.cs:line 67
   at Spectre.Console.Markup..ctor(String text, Nullable`1 style) in /_/src/Spectre.Console/Widgets/Markup.cs:line 43
   at Spectre.Console.AnsiConsoleExtensions.Markup(IAnsiConsole console, String value) in /_/src/Spectre.Console/Extensions/AnsiConsoleExtensions.Markup.cs:line 87
   at Spectre.Console.AnsiConsoleExtensions.MarkupLine(IAnsiConsole console, String value) in /_/src/Spectre.Console/Extensions/AnsiConsoleExtensions.Markup.cs:line 133
   at Spectre.Console.AnsiConsole.MarkupLine(String value) in /_/src/Spectre.Console/AnsiConsole.Markup.cs:line 81
   at V1Per.Ui.MarkupLine(String markup) in C:\Users\My PC\Downloads\test\v1per-wpf\Console\Ui.cs:line 61
   at V1Per.Ui.Muted(String message) in C:\Users\My PC\Downloads\test\v1per-wpf\Console\Ui.cs:line 119
   at v1per_wpf.MainWindow.<>c__DisplayClass7_2.<.ctor>b__12() in C:\Users\My PC\Downloads\test\v1per-wpf\MainWindow.xaml.cs:line 97
   at System.Windows.Threading.ExceptionWrapper.InternalRealCall(Delegate callback, Object args, Int32 numArgs)
   at System.Windows.Threading.ExceptionWrapper.TryCatchWhen(Object source, Delegate callback, Object args, Int32 numArgs, Delegate catchHandler)

[2026-09-09 14:43:51] System.InvalidOperationException: Could not find color or style 'MTK'.
   at Spectre.Console.AnsiMarkupTagParser.Parse(String text) in /_/src/Spectre.Console.Ansi/AnsiMarkupTagParser.cs:line 10
   at Spectre.Console.AnsiMarkup.Parse(String markup, Nullable`1 style) in /_/src/Spectre.Console.Ansi/AnsiMarkup.cs:line 67
   at Spectre.Console.Markup..ctor(String text, Nullable`1 style) in /_/src/Spectre.Console/Widgets/Markup.cs:line 43
   at Spectre.Console.AnsiConsoleExtensions.Markup(IAnsiConsole console, String value) in /_/src/Spectre.Console/Extensions/AnsiConsoleExtensions.Markup.cs:line 87
   at Spectre.Console.AnsiConsoleExtensions.MarkupLine(IAnsiConsole console, String value) in /_/src/Spectre.Console/Extensions/AnsiConsoleExtensions.Markup.cs:line 133
   at Spectre.Console.AnsiConsole.MarkupLine(String value) in /_/src/Spectre.Console/AnsiConsole.Markup.cs:line 81
   at V1Per.Ui.MarkupLine(String markup) in C:\Users\My PC\Downloads\test\v1per-wpf\Console\Ui.cs:line 61
   at V1Per.Ui.Muted(String message) in C:\Users\My PC\Downloads\test\v1per-wpf\Console\Ui.cs:line 119
   at v1per_wpf.MainWindow.<>c__DisplayClass7_2.<.ctor>b__12() in C:\Users\My PC\Downloads\test\v1per-wpf\MainWindow.xaml.cs:line 97
   at System.Windows.Threading.ExceptionWrapper.InternalRealCall(Delegate callback, Object args, Int32 numArgs)
   at System.Windows.Threading.ExceptionWrapper.TryCatchWhen(Object source, Delegate callback, Object args, Int32 numArgs, Delegate catchHandler)

[2026-09-09 14:43:51] System.InvalidOperationException: Could not find color or style 'MTK'.
   at Spectre.Console.AnsiMarkupTagParser.Parse(String text) in /_/src/Spectre.Console.Ansi/AnsiMarkupTagParser.cs:line 10
   at Spectre.Console.AnsiMarkup.Parse(String markup, Nullable`1 style) in /_/src/Spectre.Console.Ansi/AnsiMarkup.cs:line 67
   at Spectre.Console.Markup..ctor(String text, Nullable`1 style) in /_/src/Spectre.Console/Widgets/Markup.cs:line 43
   at Spectre.Console.AnsiConsoleExtensions.Markup(IAnsiConsole console, String value) in /_/src/Spectre.Console/Extensions/AnsiConsoleExtensions.Markup.cs:line 87
   at Spectre.Console.AnsiConsoleExtensions.MarkupLine(IAnsiConsole console, String value) in /_/src/Spectre.Console/Extensions/AnsiConsoleExtensions.Markup.cs:line 133
   at Spectre.Console.AnsiConsole.MarkupLine(String value) in /_/src/Spectre.Console/AnsiConsole.Markup.cs:line 81
   at V1Per.Ui.MarkupLine(String markup) in C:\Users\My PC\Downloads\test\v1per-wpf\Console\Ui.cs:line 61
   at V1Per.Ui.Muted(String message) in C:\Users\My PC\Downloads\test\v1per-wpf\Console\Ui.cs:line 119
   at v1per_wpf.MainWindow.<>c__DisplayClass7_2.<.ctor>b__12() in C:\Users\My PC\Downloads\test\v1per-wpf\MainWindow.xaml.cs:line 97
   at System.Windows.Threading.ExceptionWrapper.InternalRealCall(Delegate callback, Object args, Int32 numArgs)
   at System.Windows.Threading.ExceptionWrapper.TryCatchWhen(Object source, Delegate callback, Object args, Int32 numArgs, Delegate catchHandler)

[2026-09-09 14:43:51] System.InvalidOperationException: Could not find color or style 'MTK'.
   at Spectre.Console.AnsiMarkupTagParser.Parse(String text) in /_/src/Spectre.Console.Ansi/AnsiMarkupTagParser.cs:line 10
   at Spectre.Console.AnsiMarkup.Parse(String markup, Nullable`1 style) in /_/src/Spectre.Console.Ansi/AnsiMarkup.cs:line 67
   at Spectre.Console.Markup..ctor(String text, Nullable`1 style) in /_/src/Spectre.Console/Widgets/Markup.cs:line 43
   at Spectre.Console.AnsiConsoleExtensions.Markup(IAnsiConsole console, String value) in /_/src/Spectre.Console/Extensions/AnsiConsoleExtensions.Markup.cs:line 87
   at Spectre.Console.AnsiConsoleExtensions.MarkupLine(IAnsiConsole console, String value) in /_/src/Spectre.Console/Extensions/AnsiConsoleExtensions.Markup.cs:line 133
   at Spectre.Console.AnsiConsole.MarkupLine(String value) in /_/src/Spectre.Console/AnsiConsole.Markup.cs:line 81
   at V1Per.Ui.MarkupLine(String markup) in C:\Users\My PC\Downloads\test\v1per-wpf\Console\Ui.cs:line 61
   at V1Per.Ui.Muted(String message) in C:\Users\My PC\Downloads\test\v1per-wpf\Console\Ui.cs:line 119
   at v1per_wpf.MainWindow.<>c__DisplayClass7_2.<.ctor>b__12() in C:\Users\My PC\Downloads\test\v1per-wpf\MainWindow.xaml.cs:line 97
   at System.Windows.Threading.ExceptionWrapper.InternalRealCall(Delegate callback, Object args, Int32 numArgs)
   at System.Windows.Threading.ExceptionWrapper.TryCatchWhen(Object source, Delegate callback, Object args, Int32 numArgs, Delegate catchHandler)

[2026-09-09 14:43:51] System.InvalidOperationException: Could not find color or style 'MTK'.
   at Spectre.Console.AnsiMarkupTagParser.Parse(String text) in /_/src/Spectre.Console.Ansi/AnsiMarkupTagParser.cs:line 10
   at Spectre.Console.AnsiMarkup.Parse(String markup, Nullable`1 style) in /_/src/Spectre.Console.Ansi/AnsiMarkup.cs:line 67
   at Spectre.Console.Markup..ctor(String text, Nullable`1 style) in /_/src/Spectre.Console/Widgets/Markup.cs:line 43
   at Spectre.Console.AnsiConsoleExtensions.Markup(IAnsiConsole console, String value) in /_/src/Spectre.Console/Extensions/AnsiConsoleExtensions.Markup.cs:line 87
   at Spectre.Console.AnsiConsoleExtensions.MarkupLine(IAnsiConsole console, String value) in /_/src/Spectre.Console/Extensions/AnsiConsoleExtensions.Markup.cs:line 133
   at Spectre.Console.AnsiConsole.MarkupLine(String value) in /_/src/Spectre.Console/AnsiConsole.Markup.cs:line 81
   at V1Per.Ui.MarkupLine(String markup) in C:\Users\My PC\Downloads\test\v1per-wpf\Console\Ui.cs:line 61
   at V1Per.Ui.Muted(String message) in C:\Users\My PC\Downloads\test\v1per-wpf\Console\Ui.cs:line 119
   at v1per_wpf.MainWindow.<>c__DisplayClass7_2.<.ctor>b__12() in C:\Users\My PC\Downloads\test\v1per-wpf\MainWindow.xaml.cs:line 97
   at System.Windows.Threading.ExceptionWrapper.InternalRealCall(Delegate callback, Object args, Int32 numArgs)
   at System.Windows.Threading.ExceptionWrapper.TryCatchWhen(Object source, Delegate callback, Object args, Int32 numArgs, Delegate catchHandler)

[2026-09-09 14:44:05] System.InvalidOperationException: Could not find color or style 'MTK'.
   at Spectre.Console.AnsiMarkupTagParser.Parse(String text) in /_/src/Spectre.Console.Ansi/AnsiMarkupTagParser.cs:line 10
   at Spectre.Console.AnsiMarkup.Parse(String markup, Nullable`1 style) in /_/src/Spectre.Console.Ansi/AnsiMarkup.cs:line 67
   at Spectre.Console.Markup..ctor(String text, Nullable`1 style) in /_/src/Spectre.Console/Widgets/Markup.cs:line 43
   at Spectre.Console.AnsiConsoleExtensions.Markup(IAnsiConsole console, String value) in /_/src/Spectre.Console/Extensions/AnsiConsoleExtensions.Markup.cs:line 87
   at Spectre.Console.AnsiConsoleExtensions.MarkupLine(IAnsiConsole console, String value) in /_/src/Spectre.Console/Extensions/AnsiConsoleExtensions.Markup.cs:line 133
   at Spectre.Console.AnsiConsole.MarkupLine(String value) in /_/src/Spectre.Console/AnsiConsole.Markup.cs:line 81
   at V1Per.Ui.MarkupLine(String markup) in C:\Users\My PC\Downloads\test\v1per-wpf\Console\Ui.cs:line 61
   at V1Per.Ui.Muted(String message) in C:\Users\My PC\Downloads\test\v1per-wpf\Console\Ui.cs:line 119
   at v1per_wpf.MainWindow.<>c__DisplayClass7_2.<.ctor>b__12() in C:\Users\My PC\Downloads\test\v1per-wpf\MainWindow.xaml.cs:line 97
   at System.Windows.Threading.ExceptionWrapper.InternalRealCall(Delegate callback, Object args, Int32 numArgs)
   at System.Windows.Threading.ExceptionWrapper.TryCatchWhen(Object source, Delegate callback, Object args, Int32 numArgs, Delegate catchHandler)

[2026-09-09 14:44:05] System.InvalidOperationException: Could not find color or style 'MTK'.
   at Spectre.Console.AnsiMarkupTagParser.Parse(String text) in /_/src/Spectre.Console.Ansi/AnsiMarkupTagParser.cs:line 10
   at Spectre.Console.AnsiMarkup.Parse(String markup, Nullable`1 style) in /_/src/Spectre.Console.Ansi/AnsiMarkup.cs:line 67
   at Spectre.Console.Markup..ctor(String text, Nullable`1 style) in /_/src/Spectre.Console/Widgets/Markup.cs:line 43
   at Spectre.Console.AnsiConsoleExtensions.Markup(IAnsiConsole console, String value) in /_/src/Spectre.Console/Extensions/AnsiConsoleExtensions.Markup.cs:line 87
   at Spectre.Console.AnsiConsoleExtensions.MarkupLine(IAnsiConsole console, String value) in /_/src/Spectre.Console/Extensions/AnsiConsoleExtensions.Markup.cs:line 133
   at Spectre.Console.AnsiConsole.MarkupLine(String value) in /_/src/Spectre.Console/AnsiConsole.Markup.cs:line 81
   at V1Per.Ui.MarkupLine(String markup) in C:\Users\My PC\Downloads\test\v1per-wpf\Console\Ui.cs:line 61
   at V1Per.Ui.Muted(String message) in C:\Users\My PC\Downloads\test\v1per-wpf\Console\Ui.cs:line 119
   at v1per_wpf.MainWindow.<>c__DisplayClass7_2.<.ctor>b__12() in C:\Users\My PC\Downloads\test\v1per-wpf\MainWindow.xaml.cs:line 97
   at System.Windows.Threading.ExceptionWrapper.InternalRealCall(Delegate callback, Object args, Int32 numArgs)
   at System.Windows.Threading.ExceptionWrapper.TryCatchWhen(Object source, Delegate callback, Object args, Int32 numArgs, Delegate catchHandler)

[2026-09-09 14:44:06] System.InvalidOperationException: Could not find color or style 'MTK'.
   at Spectre.Console.AnsiMarkupTagParser.Parse(String text) in /_/src/Spectre.Console.Ansi/AnsiMarkupTagParser.cs:line 10
   at Spectre.Console.AnsiMarkup.Parse(String markup, Nullable`1 style) in /_/src/Spectre.Console.Ansi/AnsiMarkup.cs:line 67
   at Spectre.Console.Markup..ctor(String text, Nullable`1 style) in /_/src/Spectre.Console/Widgets/Markup.cs:line 43
   at Spectre.Console.AnsiConsoleExtensions.Markup(IAnsiConsole console, String value) in /_/src/Spectre.Console/Extensions/AnsiConsoleExtensions.Markup.cs:line 87
   at Spectre.Console.AnsiConsoleExtensions.MarkupLine(IAnsiConsole console, String value) in /_/src/Spectre.Console/Extensions/AnsiConsoleExtensions.Markup.cs:line 133
   at Spectre.Console.AnsiConsole.MarkupLine(String value) in /_/src/Spectre.Console/AnsiConsole.Markup.cs:line 81
   at V1Per.Ui.MarkupLine(String markup) in C:\Users\My PC\Downloads\test\v1per-wpf\Console\Ui.cs:line 61
   at V1Per.Ui.Muted(String message) in C:\Users\My PC\Downloads\test\v1per-wpf\Console\Ui.cs:line 119
   at v1per_wpf.MainWindow.<>c__DisplayClass7_2.<.ctor>b__12() in C:\Users\My PC\Downloads\test\v1per-wpf\MainWindow.xaml.cs:line 97
   at System.Windows.Threading.ExceptionWrapper.InternalRealCall(Delegate callback, Object args, Int32 numArgs)
   at System.Windows.Threading.ExceptionWrapper.TryCatchWhen(Object source, Delegate callback, Object args, Int32 numArgs, Delegate catchHandler)

[2026-09-09 14:44:06] System.InvalidOperationException: Could not find color or style 'MTK'.
   at Spectre.Console.AnsiMarkupTagParser.Parse(String text) in /_/src/Spectre.Console.Ansi/AnsiMarkupTagParser.cs:line 10
   at Spectre.Console.AnsiMarkup.Parse(String markup, Nullable`1 style) in /_/src/Spectre.Console.Ansi/AnsiMarkup.cs:line 67
   at Spectre.Console.Markup..ctor(String text, Nullable`1 style) in /_/src/Spectre.Console/Widgets/Markup.cs:line 43
   at Spectre.Console.AnsiConsoleExtensions.Markup(IAnsiConsole console, String value) in /_/src/Spectre.Console/Extensions/AnsiConsoleExtensions.Markup.cs:line 87
   at Spectre.Console.AnsiConsoleExtensions.MarkupLine(IAnsiConsole console, String value) in /_/src/Spectre.Console/Extensions/AnsiConsoleExtensions.Markup.cs:line 133
   at Spectre.Console.AnsiConsole.MarkupLine(String value) in /_/src/Spectre.Console/AnsiConsole.Markup.cs:line 81
   at V1Per.Ui.MarkupLine(String markup) in C:\Users\My PC\Downloads\test\v1per-wpf\Console\Ui.cs:line 61
   at V1Per.Ui.Muted(String message) in C:\Users\My PC\Downloads\test\v1per-wpf\Console\Ui.cs:line 119
   at v1per_wpf.MainWindow.<>c__DisplayClass7_2.<.ctor>b__12() in C:\Users\My PC\Downloads\test\v1per-wpf\MainWindow.xaml.cs:line 97
   at System.Windows.Threading.ExceptionWrapper.InternalRealCall(Delegate callback, Object args, Int32 numArgs)
   at System.Windows.Threading.ExceptionWrapper.TryCatchWhen(Object source, Delegate callback, Object args, Int32 numArgs, Delegate catchHandler)

[2026-09-09 14:44:06] System.InvalidOperationException: Could not find color or style 'MTK'.
   at Spectre.Console.AnsiMarkupTagParser.Parse(String text) in /_/src/Spectre.Console.Ansi/AnsiMarkupTagParser.cs:line 10
   at Spectre.Console.AnsiMarkup.Parse(String markup, Nullable`1 style) in /_/src/Spectre.Console.Ansi/AnsiMarkup.cs:line 67
   at Spectre.Console.Markup..ctor(String text, Nullable`1 style) in /_/src/Spectre.Console/Widgets/Markup.cs:line 43
   at Spectre.Console.AnsiConsoleExtensions.Markup(IAnsiConsole console, String value) in /_/src/Spectre.Console/Extensions/AnsiConsoleExtensions.Markup.cs:line 87
   at Spectre.Console.AnsiConsoleExtensions.MarkupLine(IAnsiConsole console, String value) in /_/src/Spectre.Console/Extensions/AnsiConsoleExtensions.Markup.cs:line 133
   at Spectre.Console.AnsiConsole.MarkupLine(String value) in /_/src/Spectre.Console/AnsiConsole.Markup.cs:line 81
   at V1Per.Ui.MarkupLine(String markup) in C:\Users\My PC\Downloads\test\v1per-wpf\Console\Ui.cs:line 61
   at V1Per.Ui.Muted(String message) in C:\Users\My PC\Downloads\test\v1per-wpf\Console\Ui.cs:line 119
   at v1per_wpf.MainWindow.<>c__DisplayClass7_2.<.ctor>b__12() in C:\Users\My PC\Downloads\test\v1per-wpf\MainWindow.xaml.cs:line 97
   at System.Windows.Threading.ExceptionWrapper.InternalRealCall(Delegate callback, Object args, Int32 numArgs)
   at System.Windows.Threading.ExceptionWrapper.TryCatchWhen(Object source, Delegate callback, Object args, Int32 numArgs, Delegate catchHandler)

[2026-09-09 14:44:06] System.InvalidOperationException: Could not find color or style 'MTK'.
   at Spectre.Console.AnsiMarkupTagParser.Parse(String text) in /_/src/Spectre.Console.Ansi/AnsiMarkupTagParser.cs:line 10
   at Spectre.Console.AnsiMarkup.Parse(String markup, Nullable`1 style) in /_/src/Spectre.Console.Ansi/AnsiMarkup.cs:line 67
   at Spectre.Console.Markup..ctor(String text, Nullable`1 style) in /_/src/Spectre.Console/Widgets/Markup.cs:line 43
   at Spectre.Console.AnsiConsoleExtensions.Markup(IAnsiConsole console, String value) in /_/src/Spectre.Console/Extensions/AnsiConsoleExtensions.Markup.cs:line 87
   at Spectre.Console.AnsiConsoleExtensions.MarkupLine(IAnsiConsole console, String value) in /_/src/Spectre.Console/Extensions/AnsiConsoleExtensions.Markup.cs:line 133
   at Spectre.Console.AnsiConsole.MarkupLine(String value) in /_/src/Spectre.Console/AnsiConsole.Markup.cs:line 81
   at V1Per.Ui.MarkupLine(String markup) in C:\Users\My PC\Downloads\test\v1per-wpf\Console\Ui.cs:line 61
   at V1Per.Ui.Muted(String message) in C:\Users\My PC\Downloads\test\v1per-wpf\Console\Ui.cs:line 119
   at v1per_wpf.MainWindow.<>c__DisplayClass7_2.<.ctor>b__12() in C:\Users\My PC\Downloads\test\v1per-wpf\MainWindow.xaml.cs:line 97
   at System.Windows.Threading.ExceptionWrapper.InternalRealCall(Delegate callback, Object args, Int32 numArgs)
   at System.Windows.Threading.ExceptionWrapper.TryCatchWhen(Object source, Delegate callback, Object args, Int32 numArgs, Delegate catchHandler)

[2026-09-09 14:44:06] System.InvalidOperationException: Could not find color or style 'MTK'.
   at Spectre.Console.AnsiMarkupTagParser.Parse(String text) in /_/src/Spectre.Console.Ansi/AnsiMarkupTagParser.cs:line 10
   at Spectre.Console.AnsiMarkup.Parse(String markup, Nullable`1 style) in /_/src/Spectre.Console.Ansi/AnsiMarkup.cs:line 67
   at Spectre.Console.Markup..ctor(String text, Nullable`1 style) in /_/src/Spectre.Console/Widgets/Markup.cs:line 43
   at Spectre.Console.AnsiConsoleExtensions.Markup(IAnsiConsole console, String value) in /_/src/Spectre.Console/Extensions/AnsiConsoleExtensions.Markup.cs:line 87
   at Spectre.Console.AnsiConsoleExtensions.MarkupLine(IAnsiConsole console, String value) in /_/src/Spectre.Console/Extensions/AnsiConsoleExtensions.Markup.cs:line 133
   at Spectre.Console.AnsiConsole.MarkupLine(String value) in /_/src/Spectre.Console/AnsiConsole.Markup.cs:line 81
   at V1Per.Ui.MarkupLine(String markup) in C:\Users\My PC\Downloads\test\v1per-wpf\Console\Ui.cs:line 61
   at V1Per.Ui.Muted(String message) in C:\Users\My PC\Downloads\test\v1per-wpf\Console\Ui.cs:line 119
   at v1per_wpf.MainWindow.<>c__DisplayClass7_2.<.ctor>b__12() in C:\Users\My PC\Downloads\test\v1per-wpf\MainWindow.xaml.cs:line 97
   at System.Windows.Threading.ExceptionWrapper.InternalRealCall(Delegate callback, Object args, Int32 numArgs)
   at System.Windows.Threading.ExceptionWrapper.TryCatchWhen(Object source, Delegate callback, Object args, Int32 numArgs, Delegate catchHandler)

[2026-09-09 14:44:06] System.InvalidOperationException: Could not find color or style 'MTK'.
   at Spectre.Console.AnsiMarkupTagParser.Parse(String text) in /_/src/Spectre.Console.Ansi/AnsiMarkupTagParser.cs:line 10
   at Spectre.Console.AnsiMarkup.Parse(String markup, Nullable`1 style) in /_/src/Spectre.Console.Ansi/AnsiMarkup.cs:line 67
   at Spectre.Console.Markup..ctor(String text, Nullable`1 style) in /_/src/Spectre.Console/Widgets/Markup.cs:line 43
   at Spectre.Console.AnsiConsoleExtensions.Markup(IAnsiConsole console, String value) in /_/src/Spectre.Console/Extensions/AnsiConsoleExtensions.Markup.cs:line 87
   at Spectre.Console.AnsiConsoleExtensions.MarkupLine(IAnsiConsole console, String value) in /_/src/Spectre.Console/Extensions/AnsiConsoleExtensions.Markup.cs:line 133
   at Spectre.Console.AnsiConsole.MarkupLine(String value) in /_/src/Spectre.Console/AnsiConsole.Markup.cs:line 81
   at V1Per.Ui.MarkupLine(String markup) in C:\Users\My PC\Downloads\test\v1per-wpf\Console\Ui.cs:line 61
   at V1Per.Ui.Muted(String message) in C:\Users\My PC\Downloads\test\v1per-wpf\Console\Ui.cs:line 119
   at v1per_wpf.MainWindow.<>c__DisplayClass7_2.<.ctor>b__12() in C:\Users\My PC\Downloads\test\v1per-wpf\MainWindow.xaml.cs:line 97
   at System.Windows.Threading.ExceptionWrapper.InternalRealCall(Delegate callback, Object args, Int32 numArgs)
   at System.Windows.Threading.ExceptionWrapper.TryCatchWhen(Object source, Delegate callback, Object args, Int32 numArgs, Delegate catchHandler)

[2026-09-09 14:44:11] System.InvalidOperationException: Could not find color or style 'MTK'.
   at Spectre.Console.AnsiMarkupTagParser.Parse(String text) in /_/src/Spectre.Console.Ansi/AnsiMarkupTagParser.cs:line 10
   at Spectre.Console.AnsiMarkup.Parse(String markup, Nullable`1 style) in /_/src/Spectre.Console.Ansi/AnsiMarkup.cs:line 67
   at Spectre.Console.Markup..ctor(String text, Nullable`1 style) in /_/src/Spectre.Console/Widgets/Markup.cs:line 43
   at Spectre.Console.AnsiConsoleExtensions.Markup(IAnsiConsole console, String value) in /_/src/Spectre.Console/Extensions/AnsiConsoleExtensions.Markup.cs:line 87
   at Spectre.Console.AnsiConsoleExtensions.MarkupLine(IAnsiConsole console, String value) in /_/src/Spectre.Console/Extensions/AnsiConsoleExtensions.Markup.cs:line 133
   at Spectre.Console.AnsiConsole.MarkupLine(String value) in /_/src/Spectre.Console/AnsiConsole.Markup.cs:line 81
   at V1Per.Ui.MarkupLine(String markup) in C:\Users\My PC\Downloads\test\v1per-wpf\Console\Ui.cs:line 61
   at V1Per.Ui.Muted(String message) in C:\Users\My PC\Downloads\test\v1per-wpf\Console\Ui.cs:line 119
   at v1per_wpf.MainWindow.<>c__DisplayClass7_2.<.ctor>b__12() in C:\Users\My PC\Downloads\test\v1per-wpf\MainWindow.xaml.cs:line 97
   at System.Windows.Threading.ExceptionWrapper.InternalRealCall(Delegate callback, Object args, Int32 numArgs)
   at System.Windows.Threading.ExceptionWrapper.TryCatchWhen(Object source, Delegate callback, Object args, Int32 numArgs, Delegate catchHandler)

[2026-09-09 14:44:11] System.InvalidOperationException: Could not find color or style 'MTK'.
   at Spectre.Console.AnsiMarkupTagParser.Parse(String text) in /_/src/Spectre.Console.Ansi/AnsiMarkupTagParser.cs:line 10
   at Spectre.Console.AnsiMarkup.Parse(String markup, Nullable`1 style) in /_/src/Spectre.Console.Ansi/AnsiMarkup.cs:line 67
   at Spectre.Console.Markup..ctor(String text, Nullable`1 style) in /_/src/Spectre.Console/Widgets/Markup.cs:line 43
   at Spectre.Console.AnsiConsoleExtensions.Markup(IAnsiConsole console, String value) in /_/src/Spectre.Console/Extensions/AnsiConsoleExtensions.Markup.cs:line 87
   at Spectre.Console.AnsiConsoleExtensions.MarkupLine(IAnsiConsole console, String value) in /_/src/Spectre.Console/Extensions/AnsiConsoleExtensions.Markup.cs:line 133
   at Spectre.Console.AnsiConsole.MarkupLine(String value) in /_/src/Spectre.Console/AnsiConsole.Markup.cs:line 81
   at V1Per.Ui.MarkupLine(String markup) in C:\Users\My PC\Downloads\test\v1per-wpf\Console\Ui.cs:line 61
   at V1Per.Ui.Muted(String message) in C:\Users\My PC\Downloads\test\v1per-wpf\Console\Ui.cs:line 119
   at v1per_wpf.MainWindow.<>c__DisplayClass7_2.<.ctor>b__12() in C:\Users\My PC\Downloads\test\v1per-wpf\MainWindow.xaml.cs:line 97
   at System.Windows.Threading.ExceptionWrapper.InternalRealCall(Delegate callback, Object args, Int32 numArgs)
   at System.Windows.Threading.ExceptionWrapper.TryCatchWhen(Object source, Delegate callback, Object args, Int32 numArgs, Delegate catchHandler)

[2026-09-09 14:44:11] System.InvalidOperationException: Could not find color or style 'MTK'.
   at Spectre.Console.AnsiMarkupTagParser.Parse(String text) in /_/src/Spectre.Console.Ansi/AnsiMarkupTagParser.cs:line 10
   at Spectre.Console.AnsiMarkup.Parse(String markup, Nullable`1 style) in /_/src/Spectre.Console.Ansi/AnsiMarkup.cs:line 67
   at Spectre.Console.Markup..ctor(String text, Nullable`1 style) in /_/src/Spectre.Console/Widgets/Markup.cs:line 43
   at Spectre.Console.AnsiConsoleExtensions.Markup(IAnsiConsole console, String value) in /_/src/Spectre.Console/Extensions/AnsiConsoleExtensions.Markup.cs:line 87
   at Spectre.Console.AnsiConsoleExtensions.MarkupLine(IAnsiConsole console, String value) in /_/src/Spectre.Console/Extensions/AnsiConsoleExtensions.Markup.cs:line 133
   at Spectre.Console.AnsiConsole.MarkupLine(String value) in /_/src/Spectre.Console/AnsiConsole.Markup.cs:line 81
   at V1Per.Ui.MarkupLine(String markup) in C:\Users\My PC\Downloads\test\v1per-wpf\Console\Ui.cs:line 61
   at V1Per.Ui.Muted(String message) in C:\Users\My PC\Downloads\test\v1per-wpf\Console\Ui.cs:line 119
   at v1per_wpf.MainWindow.<>c__DisplayClass7_2.<.ctor>b__12() in C:\Users\My PC\Downloads\test\v1per-wpf\MainWindow.xaml.cs:line 97
   at System.Windows.Threading.ExceptionWrapper.InternalRealCall(Delegate callback, Object args, Int32 numArgs)
   at System.Windows.Threading.ExceptionWrapper.TryCatchWhen(Object source, Delegate callback, Object args, Int32 numArgs, Delegate catchHandler)

[2026-09-09 14:44:11] System.InvalidOperationException: Could not find color or style 'MTK'.
   at Spectre.Console.AnsiMarkupTagParser.Parse(String text) in /_/src/Spectre.Console.Ansi/AnsiMarkupTagParser.cs:line 10
   at Spectre.Console.AnsiMarkup.Parse(String markup, Nullable`1 style) in /_/src/Spectre.Console.Ansi/AnsiMarkup.cs:line 67
   at Spectre.Console.Markup..ctor(String text, Nullable`1 style) in /_/src/Spectre.Console/Widgets/Markup.cs:line 43
   at Spectre.Console.AnsiConsoleExtensions.Markup(IAnsiConsole console, String value) in /_/src/Spectre.Console/Extensions/AnsiConsoleExtensions.Markup.cs:line 87
   at Spectre.Console.AnsiConsoleExtensions.MarkupLine(IAnsiConsole console, String value) in /_/src/Spectre.Console/Extensions/AnsiConsoleExtensions.Markup.cs:line 133
   at Spectre.Console.AnsiConsole.MarkupLine(String value) in /_/src/Spectre.Console/AnsiConsole.Markup.cs:line 81
   at V1Per.Ui.MarkupLine(String markup) in C:\Users\My PC\Downloads\test\v1per-wpf\Console\Ui.cs:line 61
   at V1Per.Ui.Muted(String message) in C:\Users\My PC\Downloads\test\v1per-wpf\Console\Ui.cs:line 119
   at v1per_wpf.MainWindow.<>c__DisplayClass7_2.<.ctor>b__12() in C:\Users\My PC\Downloads\test\v1per-wpf\MainWindow.xaml.cs:line 97
   at System.Windows.Threading.ExceptionWrapper.InternalRealCall(Delegate callback, Object args, Int32 numArgs)
   at System.Windows.Threading.ExceptionWrapper.TryCatchWhen(Object source, Delegate callback, Object args, Int32 numArgs, Delegate catchHandler)

[2026-09-09 14:44:11] System.InvalidOperationException: Could not find color or style 'MTK'.
   at Spectre.Console.AnsiMarkupTagParser.Parse(String text) in /_/src/Spectre.Console.Ansi/AnsiMarkupTagParser.cs:line 10
   at Spectre.Console.AnsiMarkup.Parse(String markup, Nullable`1 style) in /_/src/Spectre.Console.Ansi/AnsiMarkup.cs:line 67
   at Spectre.Console.Markup..ctor(String text, Nullable`1 style) in /_/src/Spectre.Console/Widgets/Markup.cs:line 43
   at Spectre.Console.AnsiConsoleExtensions.Markup(IAnsiConsole console, String value) in /_/src/Spectre.Console/Extensions/AnsiConsoleExtensions.Markup.cs:line 87
   at Spectre.Console.AnsiConsoleExtensions.MarkupLine(IAnsiConsole console, String value) in /_/src/Spectre.Console/Extensions/AnsiConsoleExtensions.Markup.cs:line 133
   at Spectre.Console.AnsiConsole.MarkupLine(String value) in /_/src/Spectre.Console/AnsiConsole.Markup.cs:line 81
   at V1Per.Ui.MarkupLine(String markup) in C:\Users\My PC\Downloads\test\v1per-wpf\Console\Ui.cs:line 61
   at V1Per.Ui.Muted(String message) in C:\Users\My PC\Downloads\test\v1per-wpf\Console\Ui.cs:line 119
   at v1per_wpf.MainWindow.<>c__DisplayClass7_2.<.ctor>b__12() in C:\Users\My PC\Downloads\test\v1per-wpf\MainWindow.xaml.cs:line 97
   at System.Windows.Threading.ExceptionWrapper.InternalRealCall(Delegate callback, Object args, Int32 numArgs)
   at System.Windows.Threading.ExceptionWrapper.TryCatchWhen(Object source, Delegate callback, Object args, Int32 numArgs, Delegate catchHandler)

[2026-09-09 14:44:11] System.InvalidOperationException: Could not find color or style 'MTK'.
   at Spectre.Console.AnsiMarkupTagParser.Parse(String text) in /_/src/Spectre.Console.Ansi/AnsiMarkupTagParser.cs:line 10
   at Spectre.Console.AnsiMarkup.Parse(String markup, Nullable`1 style) in /_/src/Spectre.Console.Ansi/AnsiMarkup.cs:line 67
   at Spectre.Console.Markup..ctor(String text, Nullable`1 style) in /_/src/Spectre.Console/Widgets/Markup.cs:line 43
   at Spectre.Console.AnsiConsoleExtensions.Markup(IAnsiConsole console, String value) in /_/src/Spectre.Console/Extensions/AnsiConsoleExtensions.Markup.cs:line 87
   at Spectre.Console.AnsiConsoleExtensions.MarkupLine(IAnsiConsole console, String value) in /_/src/Spectre.Console/Extensions/AnsiConsoleExtensions.Markup.cs:line 133
   at Spectre.Console.AnsiConsole.MarkupLine(String value) in /_/src/Spectre.Console/AnsiConsole.Markup.cs:line 81
   at V1Per.Ui.MarkupLine(String markup) in C:\Users\My PC\Downloads\test\v1per-wpf\Console\Ui.cs:line 61
   at V1Per.Ui.Muted(String message) in C:\Users\My PC\Downloads\test\v1per-wpf\Console\Ui.cs:line 119
   at v1per_wpf.MainWindow.<>c__DisplayClass7_2.<.ctor>b__12() in C:\Users\My PC\Downloads\test\v1per-wpf\MainWindow.xaml.cs:line 97
   at System.Windows.Threading.ExceptionWrapper.InternalRealCall(Delegate callback, Object args, Int32 numArgs)
   at System.Windows.Threading.ExceptionWrapper.TryCatchWhen(Object source, Delegate callback, Object args, Int32 numArgs, Delegate catchHandler)

[2026-09-09 14:44:35] System.InvalidOperationException: Could not find color or style 'MTK'.
   at Spectre.Console.AnsiMarkupTagParser.Parse(String text) in /_/src/Spectre.Console.Ansi/AnsiMarkupTagParser.cs:line 10
   at Spectre.Console.AnsiMarkup.Parse(String markup, Nullable`1 style) in /_/src/Spectre.Console.Ansi/AnsiMarkup.cs:line 67
   at Spectre.Console.Markup..ctor(String text, Nullable`1 style) in /_/src/Spectre.Console/Widgets/Markup.cs:line 43
   at Spectre.Console.AnsiConsoleExtensions.Markup(IAnsiConsole console, String value) in /_/src/Spectre.Console/Extensions/AnsiConsoleExtensions.Markup.cs:line 87
   at Spectre.Console.AnsiConsoleExtensions.MarkupLine(IAnsiConsole console, String value) in /_/src/Spectre.Console/Extensions/AnsiConsoleExtensions.Markup.cs:line 133
   at Spectre.Console.AnsiConsole.MarkupLine(String value) in /_/src/Spectre.Console/AnsiConsole.Markup.cs:line 81
   at V1Per.Ui.MarkupLine(String markup) in C:\Users\My PC\Downloads\test\v1per-wpf\Console\Ui.cs:line 61
   at V1Per.Ui.Muted(String message) in C:\Users\My PC\Downloads\test\v1per-wpf\Console\Ui.cs:line 119
   at v1per_wpf.MainWindow.<>c__DisplayClass7_2.<.ctor>b__12() in C:\Users\My PC\Downloads\test\v1per-wpf\MainWindow.xaml.cs:line 97
   at System.Windows.Threading.ExceptionWrapper.InternalRealCall(Delegate callback, Object args, Int32 numArgs)
   at System.Windows.Threading.ExceptionWrapper.TryCatchWhen(Object source, Delegate callback, Object args, Int32 numArgs, Delegate catchHandler)

[2026-09-09 14:44:35] System.InvalidOperationException: Could not find color or style 'MTK'.
   at Spectre.Console.AnsiMarkupTagParser.Parse(String text) in /_/src/Spectre.Console.Ansi/AnsiMarkupTagParser.cs:line 10
   at Spectre.Console.AnsiMarkup.Parse(String markup, Nullable`1 style) in /_/src/Spectre.Console.Ansi/AnsiMarkup.cs:line 67
   at Spectre.Console.Markup..ctor(String text, Nullable`1 style) in /_/src/Spectre.Console/Widgets/Markup.cs:line 43
   at Spectre.Console.AnsiConsoleExtensions.Markup(IAnsiConsole console, String value) in /_/src/Spectre.Console/Extensions/AnsiConsoleExtensions.Markup.cs:line 87
   at Spectre.Console.AnsiConsoleExtensions.MarkupLine(IAnsiConsole console, String value) in /_/src/Spectre.Console/Extensions/AnsiConsoleExtensions.Markup.cs:line 133
   at Spectre.Console.AnsiConsole.MarkupLine(String value) in /_/src/Spectre.Console/AnsiConsole.Markup.cs:line 81
   at V1Per.Ui.MarkupLine(String markup) in C:\Users\My PC\Downloads\test\v1per-wpf\Console\Ui.cs:line 61
   at V1Per.Ui.Muted(String message) in C:\Users\My PC\Downloads\test\v1per-wpf\Console\Ui.cs:line 119
   at v1per_wpf.MainWindow.<>c__DisplayClass7_2.<.ctor>b__12() in C:\Users\My PC\Downloads\test\v1per-wpf\MainWindow.xaml.cs:line 97
   at System.Windows.Threading.ExceptionWrapper.InternalRealCall(Delegate callback, Object args, Int32 numArgs)
   at System.Windows.Threading.ExceptionWrapper.TryCatchWhen(Object source, Delegate callback, Object args, Int32 numArgs, Delegate catchHandler)

[2026-09-09 14:44:39] System.InvalidOperationException: Could not find color or style 'MTK'.
   at Spectre.Console.AnsiMarkupTagParser.Parse(String text) in /_/src/Spectre.Console.Ansi/AnsiMarkupTagParser.cs:line 10
   at Spectre.Console.AnsiMarkup.Parse(String markup, Nullable`1 style) in /_/src/Spectre.Console.Ansi/AnsiMarkup.cs:line 67
   at Spectre.Console.Markup..ctor(String text, Nullable`1 style) in /_/src/Spectre.Console/Widgets/Markup.cs:line 43
   at Spectre.Console.AnsiConsoleExtensions.Markup(IAnsiConsole console, String value) in /_/src/Spectre.Console/Extensions/AnsiConsoleExtensions.Markup.cs:line 87
   at Spectre.Console.AnsiConsoleExtensions.MarkupLine(IAnsiConsole console, String value) in /_/src/Spectre.Console/Extensions/AnsiConsoleExtensions.Markup.cs:line 133
   at Spectre.Console.AnsiConsole.MarkupLine(String value) in /_/src/Spectre.Console/AnsiConsole.Markup.cs:line 81
   at V1Per.Ui.MarkupLine(String markup) in C:\Users\My PC\Downloads\test\v1per-wpf\Console\Ui.cs:line 61
   at V1Per.Ui.Muted(String message) in C:\Users\My PC\Downloads\test\v1per-wpf\Console\Ui.cs:line 119
   at v1per_wpf.MainWindow.<>c__DisplayClass7_2.<.ctor>b__12() in C:\Users\My PC\Downloads\test\v1per-wpf\MainWindow.xaml.cs:line 97
   at System.Windows.Threading.ExceptionWrapper.InternalRealCall(Delegate callback, Object args, Int32 numArgs)
   at System.Windows.Threading.ExceptionWrapper.TryCatchWhen(Object source, Delegate callback, Object args, Int32 numArgs, Delegate catchHandler)

[2026-09-09 14:44:39] System.InvalidOperationException: Could not find color or style 'MTK'.
   at Spectre.Console.AnsiMarkupTagParser.Parse(String text) in /_/src/Spectre.Console.Ansi/AnsiMarkupTagParser.cs:line 10
   at Spectre.Console.AnsiMarkup.Parse(String markup, Nullable`1 style) in /_/src/Spectre.Console.Ansi/AnsiMarkup.cs:line 67
   at Spectre.Console.Markup..ctor(String text, Nullable`1 style) in /_/src/Spectre.Console/Widgets/Markup.cs:line 43
   at Spectre.Console.AnsiConsoleExtensions.Markup(IAnsiConsole console, String value) in /_/src/Spectre.Console/Extensions/AnsiConsoleExtensions.Markup.cs:line 87
   at Spectre.Console.AnsiConsoleExtensions.MarkupLine(IAnsiConsole console, String value) in /_/src/Spectre.Console/Extensions/AnsiConsoleExtensions.Markup.cs:line 133
   at Spectre.Console.AnsiConsole.MarkupLine(String value) in /_/src/Spectre.Console/AnsiConsole.Markup.cs:line 81
   at V1Per.Ui.MarkupLine(String markup) in C:\Users\My PC\Downloads\test\v1per-wpf\Console\Ui.cs:line 61
   at V1Per.Ui.Muted(String message) in C:\Users\My PC\Downloads\test\v1per-wpf\Console\Ui.cs:line 119
   at v1per_wpf.MainWindow.<>c__DisplayClass7_2.<.ctor>b__12() in C:\Users\My PC\Downloads\test\v1per-wpf\MainWindow.xaml.cs:line 97
   at System.Windows.Threading.ExceptionWrapper.InternalRealCall(Delegate callback, Object args, Int32 numArgs)
   at System.Windows.Threading.ExceptionWrapper.TryCatchWhen(Object source, Delegate callback, Object args, Int32 numArgs, Delegate catchHandler)

[2026-09-09 14:44:40] System.InvalidOperationException: Could not find color or style 'MTK'.
   at Spectre.Console.AnsiMarkupTagParser.Parse(String text) in /_/src/Spectre.Console.Ansi/AnsiMarkupTagParser.cs:line 10
   at Spectre.Console.AnsiMarkup.Parse(String markup, Nullable`1 style) in /_/src/Spectre.Console.Ansi/AnsiMarkup.cs:line 67
   at Spectre.Console.Markup..ctor(String text, Nullable`1 style) in /_/src/Spectre.Console/Widgets/Markup.cs:line 43
   at Spectre.Console.AnsiConsoleExtensions.Markup(IAnsiConsole console, String value) in /_/src/Spectre.Console/Extensions/AnsiConsoleExtensions.Markup.cs:line 87
   at Spectre.Console.AnsiConsoleExtensions.MarkupLine(IAnsiConsole console, String value) in /_/src/Spectre.Console/Extensions/AnsiConsoleExtensions.Markup.cs:line 133
   at Spectre.Console.AnsiConsole.MarkupLine(String value) in /_/src/Spectre.Console/AnsiConsole.Markup.cs:line 81
   at V1Per.Ui.MarkupLine(String markup) in C:\Users\My PC\Downloads\test\v1per-wpf\Console\Ui.cs:line 61
   at V1Per.Ui.Muted(String message) in C:\Users\My PC\Downloads\test\v1per-wpf\Console\Ui.cs:line 119
   at v1per_wpf.MainWindow.<>c__DisplayClass7_2.<.ctor>b__12() in C:\Users\My PC\Downloads\test\v1per-wpf\MainWindow.xaml.cs:line 97
   at System.Windows.Threading.ExceptionWrapper.InternalRealCall(Delegate callback, Object args, Int32 numArgs)
   at System.Windows.Threading.ExceptionWrapper.TryCatchWhen(Object source, Delegate callback, Object args, Int32 numArgs, Delegate catchHandler)

[2026-09-09 14:44:40] System.InvalidOperationException: Could not find color or style 'MTK'.
   at Spectre.Console.AnsiMarkupTagParser.Parse(String text) in /_/src/Spectre.Console.Ansi/AnsiMarkupTagParser.cs:line 10
   at Spectre.Console.AnsiMarkup.Parse(String markup, Nullable`1 style) in /_/src/Spectre.Console.Ansi/AnsiMarkup.cs:line 67
   at Spectre.Console.Markup..ctor(String text, Nullable`1 style) in /_/src/Spectre.Console/Widgets/Markup.cs:line 43
   at Spectre.Console.AnsiConsoleExtensions.Markup(IAnsiConsole console, String value) in /_/src/Spectre.Console/Extensions/AnsiConsoleExtensions.Markup.cs:line 87
   at Spectre.Console.AnsiConsoleExtensions.MarkupLine(IAnsiConsole console, String value) in /_/src/Spectre.Console/Extensions/AnsiConsoleExtensions.Markup.cs:line 133
   at Spectre.Console.AnsiConsole.MarkupLine(String value) in /_/src/Spectre.Console/AnsiConsole.Markup.cs:line 81
   at V1Per.Ui.MarkupLine(String markup) in C:\Users\My PC\Downloads\test\v1per-wpf\Console\Ui.cs:line 61
   at V1Per.Ui.Muted(String message) in C:\Users\My PC\Downloads\test\v1per-wpf\Console\Ui.cs:line 119
   at v1per_wpf.MainWindow.<>c__DisplayClass7_2.<.ctor>b__12() in C:\Users\My PC\Downloads\test\v1per-wpf\MainWindow.xaml.cs:line 97
   at System.Windows.Threading.ExceptionWrapper.InternalRealCall(Delegate callback, Object args, Int32 numArgs)
   at System.Windows.Threading.ExceptionWrapper.TryCatchWhen(Object source, Delegate callback, Object args, Int32 numArgs, Delegate catchHandler)

[2026-09-09 14:44:41] System.InvalidOperationException: Could not find color or style 'MTK'.
   at Spectre.Console.AnsiMarkupTagParser.Parse(String text) in /_/src/Spectre.Console.Ansi/AnsiMarkupTagParser.cs:line 10
   at Spectre.Console.AnsiMarkup.Parse(String markup, Nullable`1 style) in /_/src/Spectre.Console.Ansi/AnsiMarkup.cs:line 67
   at Spectre.Console.Markup..ctor(String text, Nullable`1 style) in /_/src/Spectre.Console/Widgets/Markup.cs:line 43
   at Spectre.Console.AnsiConsoleExtensions.Markup(IAnsiConsole console, String value) in /_/src/Spectre.Console/Extensions/AnsiConsoleExtensions.Markup.cs:line 87
   at Spectre.Console.AnsiConsoleExtensions.MarkupLine(IAnsiConsole console, String value) in /_/src/Spectre.Console/Extensions/AnsiConsoleExtensions.Markup.cs:line 133
   at Spectre.Console.AnsiConsole.MarkupLine(String value) in /_/src/Spectre.Console/AnsiConsole.Markup.cs:line 81
   at V1Per.Ui.MarkupLine(String markup) in C:\Users\My PC\Downloads\test\v1per-wpf\Console\Ui.cs:line 61
   at V1Per.Ui.Muted(String message) in C:\Users\My PC\Downloads\test\v1per-wpf\Console\Ui.cs:line 119
   at v1per_wpf.MainWindow.<>c__DisplayClass7_2.<.ctor>b__12() in C:\Users\My PC\Downloads\test\v1per-wpf\MainWindow.xaml.cs:line 97
   at System.Windows.Threading.ExceptionWrapper.InternalRealCall(Delegate callback, Object args, Int32 numArgs)
   at System.Windows.Threading.ExceptionWrapper.TryCatchWhen(Object source, Delegate callback, Object args, Int32 numArgs, Delegate catchHandler)

[2026-09-09 14:44:41] System.InvalidOperationException: Could not find color or style 'MTK'.
   at Spectre.Console.AnsiMarkupTagParser.Parse(String text) in /_/src/Spectre.Console.Ansi/AnsiMarkupTagParser.cs:line 10
   at Spectre.Console.AnsiMarkup.Parse(String markup, Nullable`1 style) in /_/src/Spectre.Console.Ansi/AnsiMarkup.cs:line 67
   at Spectre.Console.Markup..ctor(String text, Nullable`1 style) in /_/src/Spectre.Console/Widgets/Markup.cs:line 43
   at Spectre.Console.AnsiConsoleExtensions.Markup(IAnsiConsole console, String value) in /_/src/Spectre.Console/Extensions/AnsiConsoleExtensions.Markup.cs:line 87
   at Spectre.Console.AnsiConsoleExtensions.MarkupLine(IAnsiConsole console, String value) in /_/src/Spectre.Console/Extensions/AnsiConsoleExtensions.Markup.cs:line 133
   at Spectre.Console.AnsiConsole.MarkupLine(String value) in /_/src/Spectre.Console/AnsiConsole.Markup.cs:line 81
   at V1Per.Ui.MarkupLine(String markup) in C:\Users\My PC\Downloads\test\v1per-wpf\Console\Ui.cs:line 61
   at V1Per.Ui.Muted(String message) in C:\Users\My PC\Downloads\test\v1per-wpf\Console\Ui.cs:line 119
   at v1per_wpf.MainWindow.<>c__DisplayClass7_2.<.ctor>b__12() in C:\Users\My PC\Downloads\test\v1per-wpf\MainWindow.xaml.cs:line 97
   at System.Windows.Threading.ExceptionWrapper.InternalRealCall(Delegate callback, Object args, Int32 numArgs)
   at System.Windows.Threading.ExceptionWrapper.TryCatchWhen(Object source, Delegate callback, Object args, Int32 numArgs, Delegate catchHandler)

[2026-09-09 14:44:41] System.InvalidOperationException: Could not find color or style 'MTK'.
   at Spectre.Console.AnsiMarkupTagParser.Parse(String text) in /_/src/Spectre.Console.Ansi/AnsiMarkupTagParser.cs:line 10
   at Spectre.Console.AnsiMarkup.Parse(String markup, Nullable`1 style) in /_/src/Spectre.Console.Ansi/AnsiMarkup.cs:line 67
   at Spectre.Console.Markup..ctor(String text, Nullable`1 style) in /_/src/Spectre.Console/Widgets/Markup.cs:line 43
   at Spectre.Console.AnsiConsoleExtensions.Markup(IAnsiConsole console, String value) in /_/src/Spectre.Console/Extensions/AnsiConsoleExtensions.Markup.cs:line 87
   at Spectre.Console.AnsiConsoleExtensions.MarkupLine(IAnsiConsole console, String value) in /_/src/Spectre.Console/Extensions/AnsiConsoleExtensions.Markup.cs:line 133
   at Spectre.Console.AnsiConsole.MarkupLine(String value) in /_/src/Spectre.Console/AnsiConsole.Markup.cs:line 81
   at V1Per.Ui.MarkupLine(String markup) in C:\Users\My PC\Downloads\test\v1per-wpf\Console\Ui.cs:line 61
   at V1Per.Ui.Muted(String message) in C:\Users\My PC\Downloads\test\v1per-wpf\Console\Ui.cs:line 119
   at v1per_wpf.MainWindow.<>c__DisplayClass7_2.<.ctor>b__12() in C:\Users\My PC\Downloads\test\v1per-wpf\MainWindow.xaml.cs:line 97
   at System.Windows.Threading.ExceptionWrapper.InternalRealCall(Delegate callback, Object args, Int32 numArgs)
   at System.Windows.Threading.ExceptionWrapper.TryCatchWhen(Object source, Delegate callback, Object args, Int32 numArgs, Delegate catchHandler)

[2026-09-09 14:44:41] System.InvalidOperationException: Could not find color or style 'MTK'.
   at Spectre.Console.AnsiMarkupTagParser.Parse(String text) in /_/src/Spectre.Console.Ansi/AnsiMarkupTagParser.cs:line 10
   at Spectre.Console.AnsiMarkup.Parse(String markup, Nullable`1 style) in /_/src/Spectre.Console.Ansi/AnsiMarkup.cs:line 67
   at Spectre.Console.Markup..ctor(String text, Nullable`1 style) in /_/src/Spectre.Console/Widgets/Markup.cs:line 43
   at Spectre.Console.AnsiConsoleExtensions.Markup(IAnsiConsole console, String value) in /_/src/Spectre.Console/Extensions/AnsiConsoleExtensions.Markup.cs:line 87
   at Spectre.Console.AnsiConsoleExtensions.MarkupLine(IAnsiConsole console, String value) in /_/src/Spectre.Console/Extensions/AnsiConsoleExtensions.Markup.cs:line 133
   at Spectre.Console.AnsiConsole.MarkupLine(String value) in /_/src/Spectre.Console/AnsiConsole.Markup.cs:line 81
   at V1Per.Ui.MarkupLine(String markup) in C:\Users\My PC\Downloads\test\v1per-wpf\Console\Ui.cs:line 61
   at V1Per.Ui.Muted(String message) in C:\Users\My PC\Downloads\test\v1per-wpf\Console\Ui.cs:line 119
   at v1per_wpf.MainWindow.<>c__DisplayClass7_2.<.ctor>b__12() in C:\Users\My PC\Downloads\test\v1per-wpf\MainWindow.xaml.cs:line 97
   at System.Windows.Threading.ExceptionWrapper.InternalRealCall(Delegate callback, Object args, Int32 numArgs)
   at System.Windows.Threading.ExceptionWrapper.TryCatchWhen(Object source, Delegate callback, Object args, Int32 numArgs, Delegate catchHandler)

[2026-09-09 14:44:41] System.InvalidOperationException: Could not find color or style 'MTK'.
   at Spectre.Console.AnsiMarkupTagParser.Parse(String text) in /_/src/Spectre.Console.Ansi/AnsiMarkupTagParser.cs:line 10
   at Spectre.Console.AnsiMarkup.Parse(String markup, Nullable`1 style) in /_/src/Spectre.Console.Ansi/AnsiMarkup.cs:line 67
   at Spectre.Console.Markup..ctor(String text, Nullable`1 style) in /_/src/Spectre.Console/Widgets/Markup.cs:line 43
   at Spectre.Console.AnsiConsoleExtensions.Markup(IAnsiConsole console, String value) in /_/src/Spectre.Console/Extensions/AnsiConsoleExtensions.Markup.cs:line 87
   at Spectre.Console.AnsiConsoleExtensions.MarkupLine(IAnsiConsole console, String value) in /_/src/Spectre.Console/Extensions/AnsiConsoleExtensions.Markup.cs:line 133
   at Spectre.Console.AnsiConsole.MarkupLine(String value) in /_/src/Spectre.Console/AnsiConsole.Markup.cs:line 81
   at V1Per.Ui.MarkupLine(String markup) in C:\Users\My PC\Downloads\test\v1per-wpf\Console\Ui.cs:line 61
   at V1Per.Ui.Muted(String message) in C:\Users\My PC\Downloads\test\v1per-wpf\Console\Ui.cs:line 119
   at v1per_wpf.MainWindow.<>c__DisplayClass7_2.<.ctor>b__12() in C:\Users\My PC\Downloads\test\v1per-wpf\MainWindow.xaml.cs:line 97
   at System.Windows.Threading.ExceptionWrapper.InternalRealCall(Delegate callback, Object args, Int32 numArgs)
   at System.Windows.Threading.ExceptionWrapper.TryCatchWhen(Object source, Delegate callback, Object args, Int32 numArgs, Delegate catchHandler)

[2026-09-09 14:44:41] System.InvalidOperationException: Could not find color or style 'MTK'.
   at Spectre.Console.AnsiMarkupTagParser.Parse(String text) in /_/src/Spectre.Console.Ansi/AnsiMarkupTagParser.cs:line 10
   at Spectre.Console.AnsiMarkup.Parse(String markup, Nullable`1 style) in /_/src/Spectre.Console.Ansi/AnsiMarkup.cs:line 67
   at Spectre.Console.Markup..ctor(String text, Nullable`1 style) in /_/src/Spectre.Console/Widgets/Markup.cs:line 43
   at Spectre.Console.AnsiConsoleExtensions.Markup(IAnsiConsole console, String value) in /_/src/Spectre.Console/Extensions/AnsiConsoleExtensions.Markup.cs:line 87
   at Spectre.Console.AnsiConsoleExtensions.MarkupLine(IAnsiConsole console, String value) in /_/src/Spectre.Console/Extensions/AnsiConsoleExtensions.Markup.cs:line 133
   at Spectre.Console.AnsiConsole.MarkupLine(String value) in /_/src/Spectre.Console/AnsiConsole.Markup.cs:line 81
   at V1Per.Ui.MarkupLine(String markup) in C:\Users\My PC\Downloads\test\v1per-wpf\Console\Ui.cs:line 61
   at V1Per.Ui.Muted(String message) in C:\Users\My PC\Downloads\test\v1per-wpf\Console\Ui.cs:line 119
   at v1per_wpf.MainWindow.<>c__DisplayClass7_2.<.ctor>b__12() in C:\Users\My PC\Downloads\test\v1per-wpf\MainWindow.xaml.cs:line 97
   at System.Windows.Threading.ExceptionWrapper.InternalRealCall(Delegate callback, Object args, Int32 numArgs)
   at System.Windows.Threading.ExceptionWrapper.TryCatchWhen(Object source, Delegate callback, Object args, Int32 numArgs, Delegate catchHandler)

[2026-09-09 14:44:41] System.InvalidOperationException: Could not find color or style 'MTK'.
   at Spectre.Console.AnsiMarkupTagParser.Parse(String text) in /_/src/Spectre.Console.Ansi/AnsiMarkupTagParser.cs:line 10
   at Spectre.Console.AnsiMarkup.Parse(String markup, Nullable`1 style) in /_/src/Spectre.Console.Ansi/AnsiMarkup.cs:line 67
   at Spectre.Console.Markup..ctor(String text, Nullable`1 style) in /_/src/Spectre.Console/Widgets/Markup.cs:line 43
   at Spectre.Console.AnsiConsoleExtensions.Markup(IAnsiConsole console, String value) in /_/src/Spectre.Console/Extensions/AnsiConsoleExtensions.Markup.cs:line 87
   at Spectre.Console.AnsiConsoleExtensions.MarkupLine(IAnsiConsole console, String value) in /_/src/Spectre.Console/Extensions/AnsiConsoleExtensions.Markup.cs:line 133
   at Spectre.Console.AnsiConsole.MarkupLine(String value) in /_/src/Spectre.Console/AnsiConsole.Markup.cs:line 81
   at V1Per.Ui.MarkupLine(String markup) in C:\Users\My PC\Downloads\test\v1per-wpf\Console\Ui.cs:line 61
   at V1Per.Ui.Muted(String message) in C:\Users\My PC\Downloads\test\v1per-wpf\Console\Ui.cs:line 119
   at v1per_wpf.MainWindow.<>c__DisplayClass7_2.<.ctor>b__12() in C:\Users\My PC\Downloads\test\v1per-wpf\MainWindow.xaml.cs:line 97
   at System.Windows.Threading.ExceptionWrapper.InternalRealCall(Delegate callback, Object args, Int32 numArgs)
   at System.Windows.Threading.ExceptionWrapper.TryCatchWhen(Object source, Delegate callback, Object args, Int32 numArgs, Delegate catchHandler)

[2026-09-09 14:44:41] System.InvalidOperationException: Could not find color or style 'MTK'.
   at Spectre.Console.AnsiMarkupTagParser.Parse(String text) in /_/src/Spectre.Console.Ansi/AnsiMarkupTagParser.cs:line 10
   at Spectre.Console.AnsiMarkup.Parse(String markup, Nullable`1 style) in /_/src/Spectre.Console.Ansi/AnsiMarkup.cs:line 67
   at Spectre.Console.Markup..ctor(String text, Nullable`1 style) in /_/src/Spectre.Console/Widgets/Markup.cs:line 43
   at Spectre.Console.AnsiConsoleExtensions.Markup(IAnsiConsole console, String value) in /_/src/Spectre.Console/Extensions/AnsiConsoleExtensions.Markup.cs:line 87
   at Spectre.Console.AnsiConsoleExtensions.MarkupLine(IAnsiConsole console, String value) in /_/src/Spectre.Console/Extensions/AnsiConsoleExtensions.Markup.cs:line 133
   at Spectre.Console.AnsiConsole.MarkupLine(String value) in /_/src/Spectre.Console/AnsiConsole.Markup.cs:line 81
   at V1Per.Ui.MarkupLine(String markup) in C:\Users\My PC\Downloads\test\v1per-wpf\Console\Ui.cs:line 61
   at V1Per.Ui.Muted(String message) in C:\Users\My PC\Downloads\test\v1per-wpf\Console\Ui.cs:line 119
   at v1per_wpf.MainWindow.<>c__DisplayClass7_2.<.ctor>b__12() in C:\Users\My PC\Downloads\test\v1per-wpf\MainWindow.xaml.cs:line 97
   at System.Windows.Threading.ExceptionWrapper.InternalRealCall(Delegate callback, Object args, Int32 numArgs)
   at System.Windows.Threading.ExceptionWrapper.TryCatchWhen(Object source, Delegate callback, Object args, Int32 numArgs, Delegate catchHandler)

[2026-09-09 14:44:42] System.InvalidOperationException: Could not find color or style 'MTK'.
   at Spectre.Console.AnsiMarkupTagParser.Parse(String text) in /_/src/Spectre.Console.Ansi/AnsiMarkupTagParser.cs:line 10
   at Spectre.Console.AnsiMarkup.Parse(String markup, Nullable`1 style) in /_/src/Spectre.Console.Ansi/AnsiMarkup.cs:line 67
   at Spectre.Console.Markup..ctor(String text, Nullable`1 style) in /_/src/Spectre.Console/Widgets/Markup.cs:line 43
   at Spectre.Console.AnsiConsoleExtensions.Markup(IAnsiConsole console, String value) in /_/src/Spectre.Console/Extensions/AnsiConsoleExtensions.Markup.cs:line 87
   at Spectre.Console.AnsiConsoleExtensions.MarkupLine(IAnsiConsole console, String value) in /_/src/Spectre.Console/Extensions/AnsiConsoleExtensions.Markup.cs:line 133
   at Spectre.Console.AnsiConsole.MarkupLine(String value) in /_/src/Spectre.Console/AnsiConsole.Markup.cs:line 81
   at V1Per.Ui.MarkupLine(String markup) in C:\Users\My PC\Downloads\test\v1per-wpf\Console\Ui.cs:line 61
   at V1Per.Ui.Muted(String message) in C:\Users\My PC\Downloads\test\v1per-wpf\Console\Ui.cs:line 119
   at v1per_wpf.MainWindow.<>c__DisplayClass7_2.<.ctor>b__12() in C:\Users\My PC\Downloads\test\v1per-wpf\MainWindow.xaml.cs:line 97
   at System.Windows.Threading.ExceptionWrapper.InternalRealCall(Delegate callback, Object args, Int32 numArgs)
   at System.Windows.Threading.ExceptionWrapper.TryCatchWhen(Object source, Delegate callback, Object args, Int32 numArgs, Delegate catchHandler)

[2026-09-09 14:44:42] System.InvalidOperationException: Could not find color or style 'MTK'.
   at Spectre.Console.AnsiMarkupTagParser.Parse(String text) in /_/src/Spectre.Console.Ansi/AnsiMarkupTagParser.cs:line 10
   at Spectre.Console.AnsiMarkup.Parse(String markup, Nullable`1 style) in /_/src/Spectre.Console.Ansi/AnsiMarkup.cs:line 67
   at Spectre.Console.Markup..ctor(String text, Nullable`1 style) in /_/src/Spectre.Console/Widgets/Markup.cs:line 43
   at Spectre.Console.AnsiConsoleExtensions.Markup(IAnsiConsole console, String value) in /_/src/Spectre.Console/Extensions/AnsiConsoleExtensions.Markup.cs:line 87
   at Spectre.Console.AnsiConsoleExtensions.MarkupLine(IAnsiConsole console, String value) in /_/src/Spectre.Console/Extensions/AnsiConsoleExtensions.Markup.cs:line 133
   at Spectre.Console.AnsiConsole.MarkupLine(String value) in /_/src/Spectre.Console/AnsiConsole.Markup.cs:line 81
   at V1Per.Ui.MarkupLine(String markup) in C:\Users\My PC\Downloads\test\v1per-wpf\Console\Ui.cs:line 61
   at V1Per.Ui.Muted(String message) in C:\Users\My PC\Downloads\test\v1per-wpf\Console\Ui.cs:line 119
   at v1per_wpf.MainWindow.<>c__DisplayClass7_2.<.ctor>b__12() in C:\Users\My PC\Downloads\test\v1per-wpf\MainWindow.xaml.cs:line 97
   at System.Windows.Threading.ExceptionWrapper.InternalRealCall(Delegate callback, Object args, Int32 numArgs)
   at System.Windows.Threading.ExceptionWrapper.TryCatchWhen(Object source, Delegate callback, Object args, Int32 numArgs, Delegate catchHandler)

[2026-09-09 14:44:42] System.InvalidOperationException: Could not find color or style 'MTK'.
   at Spectre.Console.AnsiMarkupTagParser.Parse(String text) in /_/src/Spectre.Console.Ansi/AnsiMarkupTagParser.cs:line 10
   at Spectre.Console.AnsiMarkup.Parse(String markup, Nullable`1 style) in /_/src/Spectre.Console.Ansi/AnsiMarkup.cs:line 67
   at Spectre.Console.Markup..ctor(String text, Nullable`1 style) in /_/src/Spectre.Console/Widgets/Markup.cs:line 43
   at Spectre.Console.AnsiConsoleExtensions.Markup(IAnsiConsole console, String value) in /_/src/Spectre.Console/Extensions/AnsiConsoleExtensions.Markup.cs:line 87
   at Spectre.Console.AnsiConsoleExtensions.MarkupLine(IAnsiConsole console, String value) in /_/src/Spectre.Console/Extensions/AnsiConsoleExtensions.Markup.cs:line 133
   at Spectre.Console.AnsiConsole.MarkupLine(String value) in /_/src/Spectre.Console/AnsiConsole.Markup.cs:line 81
   at V1Per.Ui.MarkupLine(String markup) in C:\Users\My PC\Downloads\test\v1per-wpf\Console\Ui.cs:line 61
   at V1Per.Ui.Muted(String message) in C:\Users\My PC\Downloads\test\v1per-wpf\Console\Ui.cs:line 119
   at v1per_wpf.MainWindow.<>c__DisplayClass7_2.<.ctor>b__12() in C:\Users\My PC\Downloads\test\v1per-wpf\MainWindow.xaml.cs:line 97
   at System.Windows.Threading.ExceptionWrapper.InternalRealCall(Delegate callback, Object args, Int32 numArgs)
   at System.Windows.Threading.ExceptionWrapper.TryCatchWhen(Object source, Delegate callback, Object args, Int32 numArgs, Delegate catchHandler)

[2026-09-09 14:44:42] System.InvalidOperationException: Could not find color or style 'MTK'.
   at Spectre.Console.AnsiMarkupTagParser.Parse(String text) in /_/src/Spectre.Console.Ansi/AnsiMarkupTagParser.cs:line 10
   at Spectre.Console.AnsiMarkup.Parse(String markup, Nullable`1 style) in /_/src/Spectre.Console.Ansi/AnsiMarkup.cs:line 67
   at Spectre.Console.Markup..ctor(String text, Nullable`1 style) in /_/src/Spectre.Console/Widgets/Markup.cs:line 43
   at Spectre.Console.AnsiConsoleExtensions.Markup(IAnsiConsole console, String value) in /_/src/Spectre.Console/Extensions/AnsiConsoleExtensions.Markup.cs:line 87
   at Spectre.Console.AnsiConsoleExtensions.MarkupLine(IAnsiConsole console, String value) in /_/src/Spectre.Console/Extensions/AnsiConsoleExtensions.Markup.cs:line 133
   at Spectre.Console.AnsiConsole.MarkupLine(String value) in /_/src/Spectre.Console/AnsiConsole.Markup.cs:line 81
   at V1Per.Ui.MarkupLine(String markup) in C:\Users\My PC\Downloads\test\v1per-wpf\Console\Ui.cs:line 61
   at V1Per.Ui.Muted(String message) in C:\Users\My PC\Downloads\test\v1per-wpf\Console\Ui.cs:line 119
   at v1per_wpf.MainWindow.<>c__DisplayClass7_2.<.ctor>b__12() in C:\Users\My PC\Downloads\test\v1per-wpf\MainWindow.xaml.cs:line 97
   at System.Windows.Threading.ExceptionWrapper.InternalRealCall(Delegate callback, Object args, Int32 numArgs)
   at System.Windows.Threading.ExceptionWrapper.TryCatchWhen(Object source, Delegate callback, Object args, Int32 numArgs, Delegate catchHandler)

[2026-09-09 14:44:42] System.InvalidOperationException: Could not find color or style 'MTK'.
   at Spectre.Console.AnsiMarkupTagParser.Parse(String text) in /_/src/Spectre.Console.Ansi/AnsiMarkupTagParser.cs:line 10
   at Spectre.Console.AnsiMarkup.Parse(String markup, Nullable`1 style) in /_/src/Spectre.Console.Ansi/AnsiMarkup.cs:line 67
   at Spectre.Console.Markup..ctor(String text, Nullable`1 style) in /_/src/Spectre.Console/Widgets/Markup.cs:line 43
   at Spectre.Console.AnsiConsoleExtensions.Markup(IAnsiConsole console, String value) in /_/src/Spectre.Console/Extensions/AnsiConsoleExtensions.Markup.cs:line 87
   at Spectre.Console.AnsiConsoleExtensions.MarkupLine(IAnsiConsole console, String value) in /_/src/Spectre.Console/Extensions/AnsiConsoleExtensions.Markup.cs:line 133
   at Spectre.Console.AnsiConsole.MarkupLine(String value) in /_/src/Spectre.Console/AnsiConsole.Markup.cs:line 81
   at V1Per.Ui.MarkupLine(String markup) in C:\Users\My PC\Downloads\test\v1per-wpf\Console\Ui.cs:line 61
   at V1Per.Ui.Muted(String message) in C:\Users\My PC\Downloads\test\v1per-wpf\Console\Ui.cs:line 119
   at v1per_wpf.MainWindow.<>c__DisplayClass7_2.<.ctor>b__12() in C:\Users\My PC\Downloads\test\v1per-wpf\MainWindow.xaml.cs:line 97
   at System.Windows.Threading.ExceptionWrapper.InternalRealCall(Delegate callback, Object args, Int32 numArgs)
   at System.Windows.Threading.ExceptionWrapper.TryCatchWhen(Object source, Delegate callback, Object args, Int32 numArgs, Delegate catchHandler)

[2026-09-09 14:44:42] System.InvalidOperationException: Could not find color or style 'MTK'.
   at Spectre.Console.AnsiMarkupTagParser.Parse(String text) in /_/src/Spectre.Console.Ansi/AnsiMarkupTagParser.cs:line 10
   at Spectre.Console.AnsiMarkup.Parse(String markup, Nullable`1 style) in /_/src/Spectre.Console.Ansi/AnsiMarkup.cs:line 67
   at Spectre.Console.Markup..ctor(String text, Nullable`1 style) in /_/src/Spectre.Console/Widgets/Markup.cs:line 43
   at Spectre.Console.AnsiConsoleExtensions.Markup(IAnsiConsole console, String value) in /_/src/Spectre.Console/Extensions/AnsiConsoleExtensions.Markup.cs:line 87
   at Spectre.Console.AnsiConsoleExtensions.MarkupLine(IAnsiConsole console, String value) in /_/src/Spectre.Console/Extensions/AnsiConsoleExtensions.Markup.cs:line 133
   at Spectre.Console.AnsiConsole.MarkupLine(String value) in /_/src/Spectre.Console/AnsiConsole.Markup.cs:line 81
   at V1Per.Ui.MarkupLine(String markup) in C:\Users\My PC\Downloads\test\v1per-wpf\Console\Ui.cs:line 61
   at V1Per.Ui.Muted(String message) in C:\Users\My PC\Downloads\test\v1per-wpf\Console\Ui.cs:line 119
   at v1per_wpf.MainWindow.<>c__DisplayClass7_2.<.ctor>b__12() in C:\Users\My PC\Downloads\test\v1per-wpf\MainWindow.xaml.cs:line 97
   at System.Windows.Threading.ExceptionWrapper.InternalRealCall(Delegate callback, Object args, Int32 numArgs)
   at System.Windows.Threading.ExceptionWrapper.TryCatchWhen(Object source, Delegate callback, Object args, Int32 numArgs, Delegate catchHandler)

[2026-09-09 14:44:42] System.InvalidOperationException: Could not find color or style 'MTK'.
   at Spectre.Console.AnsiMarkupTagParser.Parse(String text) in /_/src/Spectre.Console.Ansi/AnsiMarkupTagParser.cs:line 10
   at Spectre.Console.AnsiMarkup.Parse(String markup, Nullable`1 style) in /_/src/Spectre.Console.Ansi/AnsiMarkup.cs:line 67
   at Spectre.Console.Markup..ctor(String text, Nullable`1 style) in /_/src/Spectre.Console/Widgets/Markup.cs:line 43
   at Spectre.Console.AnsiConsoleExtensions.Markup(IAnsiConsole console, String value) in /_/src/Spectre.Console/Extensions/AnsiConsoleExtensions.Markup.cs:line 87
   at Spectre.Console.AnsiConsoleExtensions.MarkupLine(IAnsiConsole console, String value) in /_/src/Spectre.Console/Extensions/AnsiConsoleExtensions.Markup.cs:line 133
   at Spectre.Console.AnsiConsole.MarkupLine(String value) in /_/src/Spectre.Console/AnsiConsole.Markup.cs:line 81
   at V1Per.Ui.MarkupLine(String markup) in C:\Users\My PC\Downloads\test\v1per-wpf\Console\Ui.cs:line 61
   at V1Per.Ui.Muted(String message) in C:\Users\My PC\Downloads\test\v1per-wpf\Console\Ui.cs:line 119
   at v1per_wpf.MainWindow.<>c__DisplayClass7_2.<.ctor>b__12() in C:\Users\My PC\Downloads\test\v1per-wpf\MainWindow.xaml.cs:line 97
   at System.Windows.Threading.ExceptionWrapper.InternalRealCall(Delegate callback, Object args, Int32 numArgs)
   at System.Windows.Threading.ExceptionWrapper.TryCatchWhen(Object source, Delegate callback, Object args, Int32 numArgs, Delegate catchHandler)

[2026-09-09 14:44:42] System.InvalidOperationException: Could not find color or style 'MTK'.
   at Spectre.Console.AnsiMarkupTagParser.Parse(String text) in /_/src/Spectre.Console.Ansi/AnsiMarkupTagParser.cs:line 10
   at Spectre.Console.AnsiMarkup.Parse(String markup, Nullable`1 style) in /_/src/Spectre.Console.Ansi/AnsiMarkup.cs:line 67
   at Spectre.Console.Markup..ctor(String text, Nullable`1 style) in /_/src/Spectre.Console/Widgets/Markup.cs:line 43
   at Spectre.Console.AnsiConsoleExtensions.Markup(IAnsiConsole console, String value) in /_/src/Spectre.Console/Extensions/AnsiConsoleExtensions.Markup.cs:line 87
   at Spectre.Console.AnsiConsoleExtensions.MarkupLine(IAnsiConsole console, String value) in /_/src/Spectre.Console/Extensions/AnsiConsoleExtensions.Markup.cs:line 133
   at Spectre.Console.AnsiConsole.MarkupLine(String value) in /_/src/Spectre.Console/AnsiConsole.Markup.cs:line 81
   at V1Per.Ui.MarkupLine(String markup) in C:\Users\My PC\Downloads\test\v1per-wpf\Console\Ui.cs:line 61
   at V1Per.Ui.Muted(String message) in C:\Users\My PC\Downloads\test\v1per-wpf\Console\Ui.cs:line 119
   at v1per_wpf.MainWindow.<>c__DisplayClass7_2.<.ctor>b__12() in C:\Users\My PC\Downloads\test\v1per-wpf\MainWindow.xaml.cs:line 97
   at System.Windows.Threading.ExceptionWrapper.InternalRealCall(Delegate callback, Object args, Int32 numArgs)
   at System.Windows.Threading.ExceptionWrapper.TryCatchWhen(Object source, Delegate callback, Object args, Int32 numArgs, Delegate catchHandler)

[2026-09-09 14:44:42] System.InvalidOperationException: Could not find color or style 'MTK'.
   at Spectre.Console.AnsiMarkupTagParser.Parse(String text) in /_/src/Spectre.Console.Ansi/AnsiMarkupTagParser.cs:line 10
   at Spectre.Console.AnsiMarkup.Parse(String markup, Nullable`1 style) in /_/src/Spectre.Console.Ansi/AnsiMarkup.cs:line 67
   at Spectre.Console.Markup..ctor(String text, Nullable`1 style) in /_/src/Spectre.Console/Widgets/Markup.cs:line 43
   at Spectre.Console.AnsiConsoleExtensions.Markup(IAnsiConsole console, String value) in /_/src/Spectre.Console/Extensions/AnsiConsoleExtensions.Markup.cs:line 87
   at Spectre.Console.AnsiConsoleExtensions.MarkupLine(IAnsiConsole console, String value) in /_/src/Spectre.Console/Extensions/AnsiConsoleExtensions.Markup.cs:line 133
   at Spectre.Console.AnsiConsole.MarkupLine(String value) in /_/src/Spectre.Console/AnsiConsole.Markup.cs:line 81
   at V1Per.Ui.MarkupLine(String markup) in C:\Users\My PC\Downloads\test\v1per-wpf\Console\Ui.cs:line 61
   at V1Per.Ui.Muted(String message) in C:\Users\My PC\Downloads\test\v1per-wpf\Console\Ui.cs:line 119
   at v1per_wpf.MainWindow.<>c__DisplayClass7_2.<.ctor>b__12() in C:\Users\My PC\Downloads\test\v1per-wpf\MainWindow.xaml.cs:line 97
   at System.Windows.Threading.ExceptionWrapper.InternalRealCall(Delegate callback, Object args, Int32 numArgs)
   at System.Windows.Threading.ExceptionWrapper.TryCatchWhen(Object source, Delegate callback, Object args, Int32 numArgs, Delegate catchHandler)

[2026-09-09 14:44:42] System.InvalidOperationException: Could not find color or style 'MTK'.
   at Spectre.Console.AnsiMarkupTagParser.Parse(String text) in /_/src/Spectre.Console.Ansi/AnsiMarkupTagParser.cs:line 10
   at Spectre.Console.AnsiMarkup.Parse(String markup, Nullable`1 style) in /_/src/Spectre.Console.Ansi/AnsiMarkup.cs:line 67
   at Spectre.Console.Markup..ctor(String text, Nullable`1 style) in /_/src/Spectre.Console/Widgets/Markup.cs:line 43
   at Spectre.Console.AnsiConsoleExtensions.Markup(IAnsiConsole console, String value) in /_/src/Spectre.Console/Extensions/AnsiConsoleExtensions.Markup.cs:line 87
   at Spectre.Console.AnsiConsoleExtensions.MarkupLine(IAnsiConsole console, String value) in /_/src/Spectre.Console/Extensions/AnsiConsoleExtensions.Markup.cs:line 133
   at Spectre.Console.AnsiConsole.MarkupLine(String value) in /_/src/Spectre.Console/AnsiConsole.Markup.cs:line 81
   at V1Per.Ui.MarkupLine(String markup) in C:\Users\My PC\Downloads\test\v1per-wpf\Console\Ui.cs:line 61
   at V1Per.Ui.Muted(String message) in C:\Users\My PC\Downloads\test\v1per-wpf\Console\Ui.cs:line 119
   at v1per_wpf.MainWindow.<>c__DisplayClass7_2.<.ctor>b__12() in C:\Users\My PC\Downloads\test\v1per-wpf\MainWindow.xaml.cs:line 97
   at System.Windows.Threading.ExceptionWrapper.InternalRealCall(Delegate callback, Object args, Int32 numArgs)
   at System.Windows.Threading.ExceptionWrapper.TryCatchWhen(Object source, Delegate callback, Object args, Int32 numArgs, Delegate catchHandler)

[2026-09-09 14:44:44] System.InvalidOperationException: Could not find color or style 'MTK'.
   at Spectre.Console.AnsiMarkupTagParser.Parse(String text) in /_/src/Spectre.Console.Ansi/AnsiMarkupTagParser.cs:line 10
   at Spectre.Console.AnsiMarkup.Parse(String markup, Nullable`1 style) in /_/src/Spectre.Console.Ansi/AnsiMarkup.cs:line 67
   at Spectre.Console.Markup..ctor(String text, Nullable`1 style) in /_/src/Spectre.Console/Widgets/Markup.cs:line 43
   at Spectre.Console.AnsiConsoleExtensions.Markup(IAnsiConsole console, String value) in /_/src/Spectre.Console/Extensions/AnsiConsoleExtensions.Markup.cs:line 87
   at Spectre.Console.AnsiConsoleExtensions.MarkupLine(IAnsiConsole console, String value) in /_/src/Spectre.Console/Extensions/AnsiConsoleExtensions.Markup.cs:line 133
   at Spectre.Console.AnsiConsole.MarkupLine(String value) in /_/src/Spectre.Console/AnsiConsole.Markup.cs:line 81
   at V1Per.Ui.MarkupLine(String markup) in C:\Users\My PC\Downloads\test\v1per-wpf\Console\Ui.cs:line 61
   at V1Per.Ui.Muted(String message) in C:\Users\My PC\Downloads\test\v1per-wpf\Console\Ui.cs:line 119
   at v1per_wpf.MainWindow.<>c__DisplayClass7_2.<.ctor>b__12() in C:\Users\My PC\Downloads\test\v1per-wpf\MainWindow.xaml.cs:line 97
   at System.Windows.Threading.ExceptionWrapper.InternalRealCall(Delegate callback, Object args, Int32 numArgs)
   at System.Windows.Threading.ExceptionWrapper.TryCatchWhen(Object source, Delegate callback, Object args, Int32 numArgs, Delegate catchHandler)

[2026-09-09 14:44:44] System.InvalidOperationException: Could not find color or style 'MTK'.
   at Spectre.Console.AnsiMarkupTagParser.Parse(String text) in /_/src/Spectre.Console.Ansi/AnsiMarkupTagParser.cs:line 10
   at Spectre.Console.AnsiMarkup.Parse(String markup, Nullable`1 style) in /_/src/Spectre.Console.Ansi/AnsiMarkup.cs:line 67
   at Spectre.Console.Markup..ctor(String text, Nullable`1 style) in /_/src/Spectre.Console/Widgets/Markup.cs:line 43
   at Spectre.Console.AnsiConsoleExtensions.Markup(IAnsiConsole console, String value) in /_/src/Spectre.Console/Extensions/AnsiConsoleExtensions.Markup.cs:line 87
   at Spectre.Console.AnsiConsoleExtensions.MarkupLine(IAnsiConsole console, String value) in /_/src/Spectre.Console/Extensions/AnsiConsoleExtensions.Markup.cs:line 133
   at Spectre.Console.AnsiConsole.MarkupLine(String value) in /_/src/Spectre.Console/AnsiConsole.Markup.cs:line 81
   at V1Per.Ui.MarkupLine(String markup) in C:\Users\My PC\Downloads\test\v1per-wpf\Console\Ui.cs:line 61
   at V1Per.Ui.Muted(String message) in C:\Users\My PC\Downloads\test\v1per-wpf\Console\Ui.cs:line 119
   at v1per_wpf.MainWindow.<>c__DisplayClass7_2.<.ctor>b__12() in C:\Users\My PC\Downloads\test\v1per-wpf\MainWindow.xaml.cs:line 97
   at System.Windows.Threading.ExceptionWrapper.InternalRealCall(Delegate callback, Object args, Int32 numArgs)
   at System.Windows.Threading.ExceptionWrapper.TryCatchWhen(Object source, Delegate callback, Object args, Int32 numArgs, Delegate catchHandler)

[2026-09-09 14:44:45] System.InvalidOperationException: Could not find color or style 'MTK'.
   at Spectre.Console.AnsiMarkupTagParser.Parse(String text) in /_/src/Spectre.Console.Ansi/AnsiMarkupTagParser.cs:line 10
   at Spectre.Console.AnsiMarkup.Parse(String markup, Nullable`1 style) in /_/src/Spectre.Console.Ansi/AnsiMarkup.cs:line 67
   at Spectre.Console.Markup..ctor(String text, Nullable`1 style) in /_/src/Spectre.Console/Widgets/Markup.cs:line 43
   at Spectre.Console.AnsiConsoleExtensions.Markup(IAnsiConsole console, String value) in /_/src/Spectre.Console/Extensions/AnsiConsoleExtensions.Markup.cs:line 87
   at Spectre.Console.AnsiConsoleExtensions.MarkupLine(IAnsiConsole console, String value) in /_/src/Spectre.Console/Extensions/AnsiConsoleExtensions.Markup.cs:line 133
   at Spectre.Console.AnsiConsole.MarkupLine(String value) in /_/src/Spectre.Console/AnsiConsole.Markup.cs:line 81
   at V1Per.Ui.MarkupLine(String markup) in C:\Users\My PC\Downloads\test\v1per-wpf\Console\Ui.cs:line 61
   at V1Per.Ui.Muted(String message) in C:\Users\My PC\Downloads\test\v1per-wpf\Console\Ui.cs:line 119
   at v1per_wpf.MainWindow.<>c__DisplayClass7_2.<.ctor>b__12() in C:\Users\My PC\Downloads\test\v1per-wpf\MainWindow.xaml.cs:line 97
   at System.Windows.Threading.ExceptionWrapper.InternalRealCall(Delegate callback, Object args, Int32 numArgs)
   at System.Windows.Threading.ExceptionWrapper.TryCatchWhen(Object source, Delegate callback, Object args, Int32 numArgs, Delegate catchHandler)

[2026-09-09 14:44:45] System.InvalidOperationException: Could not find color or style 'MTK'.
   at Spectre.Console.AnsiMarkupTagParser.Parse(String text) in /_/src/Spectre.Console.Ansi/AnsiMarkupTagParser.cs:line 10
   at Spectre.Console.AnsiMarkup.Parse(String markup, Nullable`1 style) in /_/src/Spectre.Console.Ansi/AnsiMarkup.cs:line 67
   at Spectre.Console.Markup..ctor(String text, Nullable`1 style) in /_/src/Spectre.Console/Widgets/Markup.cs:line 43
   at Spectre.Console.AnsiConsoleExtensions.Markup(IAnsiConsole console, String value) in /_/src/Spectre.Console/Extensions/AnsiConsoleExtensions.Markup.cs:line 87
   at Spectre.Console.AnsiConsoleExtensions.MarkupLine(IAnsiConsole console, String value) in /_/src/Spectre.Console/Extensions/AnsiConsoleExtensions.Markup.cs:line 133
   at Spectre.Console.AnsiConsole.MarkupLine(String value) in /_/src/Spectre.Console/AnsiConsole.Markup.cs:line 81
   at V1Per.Ui.MarkupLine(String markup) in C:\Users\My PC\Downloads\test\v1per-wpf\Console\Ui.cs:line 61
   at V1Per.Ui.Muted(String message) in C:\Users\My PC\Downloads\test\v1per-wpf\Console\Ui.cs:line 119
   at v1per_wpf.MainWindow.<>c__DisplayClass7_2.<.ctor>b__12() in C:\Users\My PC\Downloads\test\v1per-wpf\MainWindow.xaml.cs:line 97
   at System.Windows.Threading.ExceptionWrapper.InternalRealCall(Delegate callback, Object args, Int32 numArgs)
   at System.Windows.Threading.ExceptionWrapper.TryCatchWhen(Object source, Delegate callback, Object args, Int32 numArgs, Delegate catchHandler)

[2026-09-09 14:44:45] System.InvalidOperationException: Could not find color or style 'MTK'.
   at Spectre.Console.AnsiMarkupTagParser.Parse(String text) in /_/src/Spectre.Console.Ansi/AnsiMarkupTagParser.cs:line 10
   at Spectre.Console.AnsiMarkup.Parse(String markup, Nullable`1 style) in /_/src/Spectre.Console.Ansi/AnsiMarkup.cs:line 67
   at Spectre.Console.Markup..ctor(String text, Nullable`1 style) in /_/src/Spectre.Console/Widgets/Markup.cs:line 43
   at Spectre.Console.AnsiConsoleExtensions.Markup(IAnsiConsole console, String value) in /_/src/Spectre.Console/Extensions/AnsiConsoleExtensions.Markup.cs:line 87
   at Spectre.Console.AnsiConsoleExtensions.MarkupLine(IAnsiConsole console, String value) in /_/src/Spectre.Console/Extensions/AnsiConsoleExtensions.Markup.cs:line 133
   at Spectre.Console.AnsiConsole.MarkupLine(String value) in /_/src/Spectre.Console/AnsiConsole.Markup.cs:line 81
   at V1Per.Ui.MarkupLine(String markup) in C:\Users\My PC\Downloads\test\v1per-wpf\Console\Ui.cs:line 61
   at V1Per.Ui.Muted(String message) in C:\Users\My PC\Downloads\test\v1per-wpf\Console\Ui.cs:line 119
   at v1per_wpf.MainWindow.<>c__DisplayClass7_2.<.ctor>b__12() in C:\Users\My PC\Downloads\test\v1per-wpf\MainWindow.xaml.cs:line 97
   at System.Windows.Threading.ExceptionWrapper.InternalRealCall(Delegate callback, Object args, Int32 numArgs)
   at System.Windows.Threading.ExceptionWrapper.TryCatchWhen(Object source, Delegate callback, Object args, Int32 numArgs, Delegate catchHandler)

[2026-09-09 14:44:45] System.InvalidOperationException: Could not find color or style 'MTK'.
   at Spectre.Console.AnsiMarkupTagParser.Parse(String text) in /_/src/Spectre.Console.Ansi/AnsiMarkupTagParser.cs:line 10
   at Spectre.Console.AnsiMarkup.Parse(String markup, Nullable`1 style) in /_/src/Spectre.Console.Ansi/AnsiMarkup.cs:line 67
   at Spectre.Console.Markup..ctor(String text, Nullable`1 style) in /_/src/Spectre.Console/Widgets/Markup.cs:line 43
   at Spectre.Console.AnsiConsoleExtensions.Markup(IAnsiConsole console, String value) in /_/src/Spectre.Console/Extensions/AnsiConsoleExtensions.Markup.cs:line 87
   at Spectre.Console.AnsiConsoleExtensions.MarkupLine(IAnsiConsole console, String value) in /_/src/Spectre.Console/Extensions/AnsiConsoleExtensions.Markup.cs:line 133
   at Spectre.Console.AnsiConsole.MarkupLine(String value) in /_/src/Spectre.Console/AnsiConsole.Markup.cs:line 81
   at V1Per.Ui.MarkupLine(String markup) in C:\Users\My PC\Downloads\test\v1per-wpf\Console\Ui.cs:line 61
   at V1Per.Ui.Muted(String message) in C:\Users\My PC\Downloads\test\v1per-wpf\Console\Ui.cs:line 119
   at v1per_wpf.MainWindow.<>c__DisplayClass7_2.<.ctor>b__12() in C:\Users\My PC\Downloads\test\v1per-wpf\MainWindow.xaml.cs:line 97
   at System.Windows.Threading.ExceptionWrapper.InternalRealCall(Delegate callback, Object args, Int32 numArgs)
   at System.Windows.Threading.ExceptionWrapper.TryCatchWhen(Object source, Delegate callback, Object args, Int32 numArgs, Delegate catchHandler)

[2026-09-09 14:44:47] System.InvalidOperationException: Could not find color or style 'MTK'.
   at Spectre.Console.AnsiMarkupTagParser.Parse(String text) in /_/src/Spectre.Console.Ansi/AnsiMarkupTagParser.cs:line 10
   at Spectre.Console.AnsiMarkup.Parse(String markup, Nullable`1 style) in /_/src/Spectre.Console.Ansi/AnsiMarkup.cs:line 67
   at Spectre.Console.Markup..ctor(String text, Nullable`1 style) in /_/src/Spectre.Console/Widgets/Markup.cs:line 43
   at Spectre.Console.AnsiConsoleExtensions.Markup(IAnsiConsole console, String value) in /_/src/Spectre.Console/Extensions/AnsiConsoleExtensions.Markup.cs:line 87
   at Spectre.Console.AnsiConsoleExtensions.MarkupLine(IAnsiConsole console, String value) in /_/src/Spectre.Console/Extensions/AnsiConsoleExtensions.Markup.cs:line 133
   at Spectre.Console.AnsiConsole.MarkupLine(String value) in /_/src/Spectre.Console/AnsiConsole.Markup.cs:line 81
   at V1Per.Ui.MarkupLine(String markup) in C:\Users\My PC\Downloads\test\v1per-wpf\Console\Ui.cs:line 61
   at V1Per.Ui.Muted(String message) in C:\Users\My PC\Downloads\test\v1per-wpf\Console\Ui.cs:line 119
   at v1per_wpf.MainWindow.<>c__DisplayClass7_2.<.ctor>b__12() in C:\Users\My PC\Downloads\test\v1per-wpf\MainWindow.xaml.cs:line 97
   at System.Windows.Threading.ExceptionWrapper.InternalRealCall(Delegate callback, Object args, Int32 numArgs)
   at System.Windows.Threading.ExceptionWrapper.TryCatchWhen(Object source, Delegate callback, Object args, Int32 numArgs, Delegate catchHandler)

[2026-09-09 14:44:47] System.InvalidOperationException: Could not find color or style 'MTK'.
   at Spectre.Console.AnsiMarkupTagParser.Parse(String text) in /_/src/Spectre.Console.Ansi/AnsiMarkupTagParser.cs:line 10
   at Spectre.Console.AnsiMarkup.Parse(String markup, Nullable`1 style) in /_/src/Spectre.Console.Ansi/AnsiMarkup.cs:line 67
   at Spectre.Console.Markup..ctor(String text, Nullable`1 style) in /_/src/Spectre.Console/Widgets/Markup.cs:line 43
   at Spectre.Console.AnsiConsoleExtensions.Markup(IAnsiConsole console, String value) in /_/src/Spectre.Console/Extensions/AnsiConsoleExtensions.Markup.cs:line 87
   at Spectre.Console.AnsiConsoleExtensions.MarkupLine(IAnsiConsole console, String value) in /_/src/Spectre.Console/Extensions/AnsiConsoleExtensions.Markup.cs:line 133
   at Spectre.Console.AnsiConsole.MarkupLine(String value) in /_/src/Spectre.Console/AnsiConsole.Markup.cs:line 81
   at V1Per.Ui.MarkupLine(String markup) in C:\Users\My PC\Downloads\test\v1per-wpf\Console\Ui.cs:line 61
   at V1Per.Ui.Muted(String message) in C:\Users\My PC\Downloads\test\v1per-wpf\Console\Ui.cs:line 119
   at v1per_wpf.MainWindow.<>c__DisplayClass7_2.<.ctor>b__12() in C:\Users\My PC\Downloads\test\v1per-wpf\MainWindow.xaml.cs:line 97
   at System.Windows.Threading.ExceptionWrapper.InternalRealCall(Delegate callback, Object args, Int32 numArgs)
   at System.Windows.Threading.ExceptionWrapper.TryCatchWhen(Object source, Delegate callback, Object args, Int32 numArgs, Delegate catchHandler)

[2026-09-09 14:44:48] System.InvalidOperationException: Could not find color or style 'MTK'.
   at Spectre.Console.AnsiMarkupTagParser.Parse(String text) in /_/src/Spectre.Console.Ansi/AnsiMarkupTagParser.cs:line 10
   at Spectre.Console.AnsiMarkup.Parse(String markup, Nullable`1 style) in /_/src/Spectre.Console.Ansi/AnsiMarkup.cs:line 67
   at Spectre.Console.Markup..ctor(String text, Nullable`1 style) in /_/src/Spectre.Console/Widgets/Markup.cs:line 43
   at Spectre.Console.AnsiConsoleExtensions.Markup(IAnsiConsole console, String value) in /_/src/Spectre.Console/Extensions/AnsiConsoleExtensions.Markup.cs:line 87
   at Spectre.Console.AnsiConsoleExtensions.MarkupLine(IAnsiConsole console, String value) in /_/src/Spectre.Console/Extensions/AnsiConsoleExtensions.Markup.cs:line 133
   at Spectre.Console.AnsiConsole.MarkupLine(String value) in /_/src/Spectre.Console/AnsiConsole.Markup.cs:line 81
   at V1Per.Ui.MarkupLine(String markup) in C:\Users\My PC\Downloads\test\v1per-wpf\Console\Ui.cs:line 61
   at V1Per.Ui.Muted(String message) in C:\Users\My PC\Downloads\test\v1per-wpf\Console\Ui.cs:line 119
   at v1per_wpf.MainWindow.<>c__DisplayClass7_2.<.ctor>b__12() in C:\Users\My PC\Downloads\test\v1per-wpf\MainWindow.xaml.cs:line 97
   at System.Windows.Threading.ExceptionWrapper.InternalRealCall(Delegate callback, Object args, Int32 numArgs)
   at System.Windows.Threading.ExceptionWrapper.TryCatchWhen(Object source, Delegate callback, Object args, Int32 numArgs, Delegate catchHandler)

[2026-09-09 14:44:48] System.InvalidOperationException: Could not find color or style 'MTK'.
   at Spectre.Console.AnsiMarkupTagParser.Parse(String text) in /_/src/Spectre.Console.Ansi/AnsiMarkupTagParser.cs:line 10
   at Spectre.Console.AnsiMarkup.Parse(String markup, Nullable`1 style) in /_/src/Spectre.Console.Ansi/AnsiMarkup.cs:line 67
   at Spectre.Console.Markup..ctor(String text, Nullable`1 style) in /_/src/Spectre.Console/Widgets/Markup.cs:line 43
   at Spectre.Console.AnsiConsoleExtensions.Markup(IAnsiConsole console, String value) in /_/src/Spectre.Console/Extensions/AnsiConsoleExtensions.Markup.cs:line 87
   at Spectre.Console.AnsiConsoleExtensions.MarkupLine(IAnsiConsole console, String value) in /_/src/Spectre.Console/Extensions/AnsiConsoleExtensions.Markup.cs:line 133
   at Spectre.Console.AnsiConsole.MarkupLine(String value) in /_/src/Spectre.Console/AnsiConsole.Markup.cs:line 81
   at V1Per.Ui.MarkupLine(String markup) in C:\Users\My PC\Downloads\test\v1per-wpf\Console\Ui.cs:line 61
   at V1Per.Ui.Muted(String message) in C:\Users\My PC\Downloads\test\v1per-wpf\Console\Ui.cs:line 119
   at v1per_wpf.MainWindow.<>c__DisplayClass7_2.<.ctor>b__12() in C:\Users\My PC\Downloads\test\v1per-wpf\MainWindow.xaml.cs:line 97
   at System.Windows.Threading.ExceptionWrapper.InternalRealCall(Delegate callback, Object args, Int32 numArgs)
   at System.Windows.Threading.ExceptionWrapper.TryCatchWhen(Object source, Delegate callback, Object args, Int32 numArgs, Delegate catchHandler)

[2026-09-09 14:44:48] System.InvalidOperationException: Could not find color or style 'MTK'.
   at Spectre.Console.AnsiMarkupTagParser.Parse(String text) in /_/src/Spectre.Console.Ansi/AnsiMarkupTagParser.cs:line 10
   at Spectre.Console.AnsiMarkup.Parse(String markup, Nullable`1 style) in /_/src/Spectre.Console.Ansi/AnsiMarkup.cs:line 67
   at Spectre.Console.Markup..ctor(String text, Nullable`1 style) in /_/src/Spectre.Console/Widgets/Markup.cs:line 43
   at Spectre.Console.AnsiConsoleExtensions.Markup(IAnsiConsole console, String value) in /_/src/Spectre.Console/Extensions/AnsiConsoleExtensions.Markup.cs:line 87
   at Spectre.Console.AnsiConsoleExtensions.MarkupLine(IAnsiConsole console, String value) in /_/src/Spectre.Console/Extensions/AnsiConsoleExtensions.Markup.cs:line 133
   at Spectre.Console.AnsiConsole.MarkupLine(String value) in /_/src/Spectre.Console/AnsiConsole.Markup.cs:line 81
   at V1Per.Ui.MarkupLine(String markup) in C:\Users\My PC\Downloads\test\v1per-wpf\Console\Ui.cs:line 61
   at V1Per.Ui.Muted(String message) in C:\Users\My PC\Downloads\test\v1per-wpf\Console\Ui.cs:line 119
   at v1per_wpf.MainWindow.<>c__DisplayClass7_2.<.ctor>b__12() in C:\Users\My PC\Downloads\test\v1per-wpf\MainWindow.xaml.cs:line 97
   at System.Windows.Threading.ExceptionWrapper.InternalRealCall(Delegate callback, Object args, Int32 numArgs)
   at System.Windows.Threading.ExceptionWrapper.TryCatchWhen(Object source, Delegate callback, Object args, Int32 numArgs, Delegate catchHandler)

[2026-09-09 14:44:48] System.InvalidOperationException: Could not find color or style 'MTK'.
   at Spectre.Console.AnsiMarkupTagParser.Parse(String text) in /_/src/Spectre.Console.Ansi/AnsiMarkupTagParser.cs:line 10
   at Spectre.Console.AnsiMarkup.Parse(String markup, Nullable`1 style) in /_/src/Spectre.Console.Ansi/AnsiMarkup.cs:line 67
   at Spectre.Console.Markup..ctor(String text, Nullable`1 style) in /_/src/Spectre.Console/Widgets/Markup.cs:line 43
   at Spectre.Console.AnsiConsoleExtensions.Markup(IAnsiConsole console, String value) in /_/src/Spectre.Console/Extensions/AnsiConsoleExtensions.Markup.cs:line 87
   at Spectre.Console.AnsiConsoleExtensions.MarkupLine(IAnsiConsole console, String value) in /_/src/Spectre.Console/Extensions/AnsiConsoleExtensions.Markup.cs:line 133
   at Spectre.Console.AnsiConsole.MarkupLine(String value) in /_/src/Spectre.Console/AnsiConsole.Markup.cs:line 81
   at V1Per.Ui.MarkupLine(String markup) in C:\Users\My PC\Downloads\test\v1per-wpf\Console\Ui.cs:line 61
   at V1Per.Ui.Muted(String message) in C:\Users\My PC\Downloads\test\v1per-wpf\Console\Ui.cs:line 119
   at v1per_wpf.MainWindow.<>c__DisplayClass7_2.<.ctor>b__12() in C:\Users\My PC\Downloads\test\v1per-wpf\MainWindow.xaml.cs:line 97
   at System.Windows.Threading.ExceptionWrapper.InternalRealCall(Delegate callback, Object args, Int32 numArgs)
   at System.Windows.Threading.ExceptionWrapper.TryCatchWhen(Object source, Delegate callback, Object args, Int32 numArgs, Delegate catchHandler)

[2026-09-09 14:44:48] System.InvalidOperationException: Could not find color or style 'MTK'.
   at Spectre.Console.AnsiMarkupTagParser.Parse(String text) in /_/src/Spectre.Console.Ansi/AnsiMarkupTagParser.cs:line 10
   at Spectre.Console.AnsiMarkup.Parse(String markup, Nullable`1 style) in /_/src/Spectre.Console.Ansi/AnsiMarkup.cs:line 67
   at Spectre.Console.Markup..ctor(String text, Nullable`1 style) in /_/src/Spectre.Console/Widgets/Markup.cs:line 43
   at Spectre.Console.AnsiConsoleExtensions.Markup(IAnsiConsole console, String value) in /_/src/Spectre.Console/Extensions/AnsiConsoleExtensions.Markup.cs:line 87
   at Spectre.Console.AnsiConsoleExtensions.MarkupLine(IAnsiConsole console, String value) in /_/src/Spectre.Console/Extensions/AnsiConsoleExtensions.Markup.cs:line 133
   at Spectre.Console.AnsiConsole.MarkupLine(String value) in /_/src/Spectre.Console/AnsiConsole.Markup.cs:line 81
   at V1Per.Ui.MarkupLine(String markup) in C:\Users\My PC\Downloads\test\v1per-wpf\Console\Ui.cs:line 61
   at V1Per.Ui.Muted(String message) in C:\Users\My PC\Downloads\test\v1per-wpf\Console\Ui.cs:line 119
   at v1per_wpf.MainWindow.<>c__DisplayClass7_2.<.ctor>b__12() in C:\Users\My PC\Downloads\test\v1per-wpf\MainWindow.xaml.cs:line 97
   at System.Windows.Threading.ExceptionWrapper.InternalRealCall(Delegate callback, Object args, Int32 numArgs)
   at System.Windows.Threading.ExceptionWrapper.TryCatchWhen(Object source, Delegate callback, Object args, Int32 numArgs, Delegate catchHandler)

[2026-09-09 14:44:48] System.InvalidOperationException: Could not find color or style 'MTK'.
   at Spectre.Console.AnsiMarkupTagParser.Parse(String text) in /_/src/Spectre.Console.Ansi/AnsiMarkupTagParser.cs:line 10
   at Spectre.Console.AnsiMarkup.Parse(String markup, Nullable`1 style) in /_/src/Spectre.Console.Ansi/AnsiMarkup.cs:line 67
   at Spectre.Console.Markup..ctor(String text, Nullable`1 style) in /_/src/Spectre.Console/Widgets/Markup.cs:line 43
   at Spectre.Console.AnsiConsoleExtensions.Markup(IAnsiConsole console, String value) in /_/src/Spectre.Console/Extensions/AnsiConsoleExtensions.Markup.cs:line 87
   at Spectre.Console.AnsiConsoleExtensions.MarkupLine(IAnsiConsole console, String value) in /_/src/Spectre.Console/Extensions/AnsiConsoleExtensions.Markup.cs:line 133
   at Spectre.Console.AnsiConsole.MarkupLine(String value) in /_/src/Spectre.Console/AnsiConsole.Markup.cs:line 81
   at V1Per.Ui.MarkupLine(String markup) in C:\Users\My PC\Downloads\test\v1per-wpf\Console\Ui.cs:line 61
   at V1Per.Ui.Muted(String message) in C:\Users\My PC\Downloads\test\v1per-wpf\Console\Ui.cs:line 119
   at v1per_wpf.MainWindow.<>c__DisplayClass7_2.<.ctor>b__12() in C:\Users\My PC\Downloads\test\v1per-wpf\MainWindow.xaml.cs:line 97
   at System.Windows.Threading.ExceptionWrapper.InternalRealCall(Delegate callback, Object args, Int32 numArgs)
   at System.Windows.Threading.ExceptionWrapper.TryCatchWhen(Object source, Delegate callback, Object args, Int32 numArgs, Delegate catchHandler)

[2026-09-09 14:44:48] System.InvalidOperationException: Could not find color or style 'MTK'.
   at Spectre.Console.AnsiMarkupTagParser.Parse(String text) in /_/src/Spectre.Console.Ansi/AnsiMarkupTagParser.cs:line 10
   at Spectre.Console.AnsiMarkup.Parse(String markup, Nullable`1 style) in /_/src/Spectre.Console.Ansi/AnsiMarkup.cs:line 67
   at Spectre.Console.Markup..ctor(String text, Nullable`1 style) in /_/src/Spectre.Console/Widgets/Markup.cs:line 43
   at Spectre.Console.AnsiConsoleExtensions.Markup(IAnsiConsole console, String value) in /_/src/Spectre.Console/Extensions/AnsiConsoleExtensions.Markup.cs:line 87
   at Spectre.Console.AnsiConsoleExtensions.MarkupLine(IAnsiConsole console, String value) in /_/src/Spectre.Console/Extensions/AnsiConsoleExtensions.Markup.cs:line 133
   at Spectre.Console.AnsiConsole.MarkupLine(String value) in /_/src/Spectre.Console/AnsiConsole.Markup.cs:line 81
   at V1Per.Ui.MarkupLine(String markup) in C:\Users\My PC\Downloads\test\v1per-wpf\Console\Ui.cs:line 61
   at V1Per.Ui.Muted(String message) in C:\Users\My PC\Downloads\test\v1per-wpf\Console\Ui.cs:line 119
   at v1per_wpf.MainWindow.<>c__DisplayClass7_2.<.ctor>b__12() in C:\Users\My PC\Downloads\test\v1per-wpf\MainWindow.xaml.cs:line 97
   at System.Windows.Threading.ExceptionWrapper.InternalRealCall(Delegate callback, Object args, Int32 numArgs)
   at System.Windows.Threading.ExceptionWrapper.TryCatchWhen(Object source, Delegate callback, Object args, Int32 numArgs, Delegate catchHandler)

[2026-09-09 14:44:48] System.InvalidOperationException: Could not find color or style 'MTK'.
   at Spectre.Console.AnsiMarkupTagParser.Parse(String text) in /_/src/Spectre.Console.Ansi/AnsiMarkupTagParser.cs:line 10
   at Spectre.Console.AnsiMarkup.Parse(String markup, Nullable`1 style) in /_/src/Spectre.Console.Ansi/AnsiMarkup.cs:line 67
   at Spectre.Console.Markup..ctor(String text, Nullable`1 style) in /_/src/Spectre.Console/Widgets/Markup.cs:line 43
   at Spectre.Console.AnsiConsoleExtensions.Markup(IAnsiConsole console, String value) in /_/src/Spectre.Console/Extensions/AnsiConsoleExtensions.Markup.cs:line 87
   at Spectre.Console.AnsiConsoleExtensions.MarkupLine(IAnsiConsole console, String value) in /_/src/Spectre.Console/Extensions/AnsiConsoleExtensions.Markup.cs:line 133
   at Spectre.Console.AnsiConsole.MarkupLine(String value) in /_/src/Spectre.Console/AnsiConsole.Markup.cs:line 81
   at V1Per.Ui.MarkupLine(String markup) in C:\Users\My PC\Downloads\test\v1per-wpf\Console\Ui.cs:line 61
   at V1Per.Ui.Muted(String message) in C:\Users\My PC\Downloads\test\v1per-wpf\Console\Ui.cs:line 119
   at v1per_wpf.MainWindow.<>c__DisplayClass7_2.<.ctor>b__12() in C:\Users\My PC\Downloads\test\v1per-wpf\MainWindow.xaml.cs:line 97
   at System.Windows.Threading.ExceptionWrapper.InternalRealCall(Delegate callback, Object args, Int32 numArgs)
   at System.Windows.Threading.ExceptionWrapper.TryCatchWhen(Object source, Delegate callback, Object args, Int32 numArgs, Delegate catchHandler)

[2026-09-09 14:44:48] System.InvalidOperationException: Could not find color or style 'MTK'.
   at Spectre.Console.AnsiMarkupTagParser.Parse(String text) in /_/src/Spectre.Console.Ansi/AnsiMarkupTagParser.cs:line 10
   at Spectre.Console.AnsiMarkup.Parse(String markup, Nullable`1 style) in /_/src/Spectre.Console.Ansi/AnsiMarkup.cs:line 67
   at Spectre.Console.Markup..ctor(String text, Nullable`1 style) in /_/src/Spectre.Console/Widgets/Markup.cs:line 43
   at Spectre.Console.AnsiConsoleExtensions.Markup(IAnsiConsole console, String value) in /_/src/Spectre.Console/Extensions/AnsiConsoleExtensions.Markup.cs:line 87
   at Spectre.Console.AnsiConsoleExtensions.MarkupLine(IAnsiConsole console, String value) in /_/src/Spectre.Console/Extensions/AnsiConsoleExtensions.Markup.cs:line 133
   at Spectre.Console.AnsiConsole.MarkupLine(String value) in /_/src/Spectre.Console/AnsiConsole.Markup.cs:line 81
   at V1Per.Ui.MarkupLine(String markup) in C:\Users\My PC\Downloads\test\v1per-wpf\Console\Ui.cs:line 61
   at V1Per.Ui.Muted(String message) in C:\Users\My PC\Downloads\test\v1per-wpf\Console\Ui.cs:line 119
   at v1per_wpf.MainWindow.<>c__DisplayClass7_2.<.ctor>b__12() in C:\Users\My PC\Downloads\test\v1per-wpf\MainWindow.xaml.cs:line 97
   at System.Windows.Threading.ExceptionWrapper.InternalRealCall(Delegate callback, Object args, Int32 numArgs)
   at System.Windows.Threading.ExceptionWrapper.TryCatchWhen(Object source, Delegate callback, Object args, Int32 numArgs, Delegate catchHandler)

[2026-09-09 14:44:48] System.InvalidOperationException: Could not find color or style 'MTK'.
   at Spectre.Console.AnsiMarkupTagParser.Parse(String text) in /_/src/Spectre.Console.Ansi/AnsiMarkupTagParser.cs:line 10
   at Spectre.Console.AnsiMarkup.Parse(String markup, Nullable`1 style) in /_/src/Spectre.Console.Ansi/AnsiMarkup.cs:line 67
   at Spectre.Console.Markup..ctor(String text, Nullable`1 style) in /_/src/Spectre.Console/Widgets/Markup.cs:line 43
   at Spectre.Console.AnsiConsoleExtensions.Markup(IAnsiConsole console, String value) in /_/src/Spectre.Console/Extensions/AnsiConsoleExtensions.Markup.cs:line 87
   at Spectre.Console.AnsiConsoleExtensions.MarkupLine(IAnsiConsole console, String value) in /_/src/Spectre.Console/Extensions/AnsiConsoleExtensions.Markup.cs:line 133
   at Spectre.Console.AnsiConsole.MarkupLine(String value) in /_/src/Spectre.Console/AnsiConsole.Markup.cs:line 81
   at V1Per.Ui.MarkupLine(String markup) in C:\Users\My PC\Downloads\test\v1per-wpf\Console\Ui.cs:line 61
   at V1Per.Ui.Muted(String message) in C:\Users\My PC\Downloads\test\v1per-wpf\Console\Ui.cs:line 119
   at v1per_wpf.MainWindow.<>c__DisplayClass7_2.<.ctor>b__12() in C:\Users\My PC\Downloads\test\v1per-wpf\MainWindow.xaml.cs:line 97
   at System.Windows.Threading.ExceptionWrapper.InternalRealCall(Delegate callback, Object args, Int32 numArgs)
   at System.Windows.Threading.ExceptionWrapper.TryCatchWhen(Object source, Delegate callback, Object args, Int32 numArgs, Delegate catchHandler)

[2026-09-09 14:44:48] System.InvalidOperationException: Could not find color or style 'MTK'.
   at Spectre.Console.AnsiMarkupTagParser.Parse(String text) in /_/src/Spectre.Console.Ansi/AnsiMarkupTagParser.cs:line 10
   at Spectre.Console.AnsiMarkup.Parse(String markup, Nullable`1 style) in /_/src/Spectre.Console.Ansi/AnsiMarkup.cs:line 67
   at Spectre.Console.Markup..ctor(String text, Nullable`1 style) in /_/src/Spectre.Console/Widgets/Markup.cs:line 43
   at Spectre.Console.AnsiConsoleExtensions.Markup(IAnsiConsole console, String value) in /_/src/Spectre.Console/Extensions/AnsiConsoleExtensions.Markup.cs:line 87
   at Spectre.Console.AnsiConsoleExtensions.MarkupLine(IAnsiConsole console, String value) in /_/src/Spectre.Console/Extensions/AnsiConsoleExtensions.Markup.cs:line 133
   at Spectre.Console.AnsiConsole.MarkupLine(String value) in /_/src/Spectre.Console/AnsiConsole.Markup.cs:line 81
   at V1Per.Ui.MarkupLine(String markup) in C:\Users\My PC\Downloads\test\v1per-wpf\Console\Ui.cs:line 61
   at V1Per.Ui.Muted(String message) in C:\Users\My PC\Downloads\test\v1per-wpf\Console\Ui.cs:line 119
   at v1per_wpf.MainWindow.<>c__DisplayClass7_2.<.ctor>b__12() in C:\Users\My PC\Downloads\test\v1per-wpf\MainWindow.xaml.cs:line 97
   at System.Windows.Threading.ExceptionWrapper.InternalRealCall(Delegate callback, Object args, Int32 numArgs)
   at System.Windows.Threading.ExceptionWrapper.TryCatchWhen(Object source, Delegate callback, Object args, Int32 numArgs, Delegate catchHandler)

[2026-09-09 14:44:48] System.InvalidOperationException: Could not find color or style 'MTK'.
   at Spectre.Console.AnsiMarkupTagParser.Parse(String text) in /_/src/Spectre.Console.Ansi/AnsiMarkupTagParser.cs:line 10
   at Spectre.Console.AnsiMarkup.Parse(String markup, Nullable`1 style) in /_/src/Spectre.Console.Ansi/AnsiMarkup.cs:line 67
   at Spectre.Console.Markup..ctor(String text, Nullable`1 style) in /_/src/Spectre.Console/Widgets/Markup.cs:line 43
   at Spectre.Console.AnsiConsoleExtensions.Markup(IAnsiConsole console, String value) in /_/src/Spectre.Console/Extensions/AnsiConsoleExtensions.Markup.cs:line 87
   at Spectre.Console.AnsiConsoleExtensions.MarkupLine(IAnsiConsole console, String value) in /_/src/Spectre.Console/Extensions/AnsiConsoleExtensions.Markup.cs:line 133
   at Spectre.Console.AnsiConsole.MarkupLine(String value) in /_/src/Spectre.Console/AnsiConsole.Markup.cs:line 81
   at V1Per.Ui.MarkupLine(String markup) in C:\Users\My PC\Downloads\test\v1per-wpf\Console\Ui.cs:line 61
   at V1Per.Ui.Muted(String message) in C:\Users\My PC\Downloads\test\v1per-wpf\Console\Ui.cs:line 119
   at v1per_wpf.MainWindow.<>c__DisplayClass7_2.<.ctor>b__12() in C:\Users\My PC\Downloads\test\v1per-wpf\MainWindow.xaml.cs:line 97
   at System.Windows.Threading.ExceptionWrapper.InternalRealCall(Delegate callback, Object args, Int32 numArgs)
   at System.Windows.Threading.ExceptionWrapper.TryCatchWhen(Object source, Delegate callback, Object args, Int32 numArgs, Delegate catchHandler)

[2026-09-09 14:44:49] System.InvalidOperationException: Could not find color or style 'MTK'.
   at Spectre.Console.AnsiMarkupTagParser.Parse(String text) in /_/src/Spectre.Console.Ansi/AnsiMarkupTagParser.cs:line 10
   at Spectre.Console.AnsiMarkup.Parse(String markup, Nullable`1 style) in /_/src/Spectre.Console.Ansi/AnsiMarkup.cs:line 67
   at Spectre.Console.Markup..ctor(String text, Nullable`1 style) in /_/src/Spectre.Console/Widgets/Markup.cs:line 43
   at Spectre.Console.AnsiConsoleExtensions.Markup(IAnsiConsole console, String value) in /_/src/Spectre.Console/Extensions/AnsiConsoleExtensions.Markup.cs:line 87
   at Spectre.Console.AnsiConsoleExtensions.MarkupLine(IAnsiConsole console, String value) in /_/src/Spectre.Console/Extensions/AnsiConsoleExtensions.Markup.cs:line 133
   at Spectre.Console.AnsiConsole.MarkupLine(String value) in /_/src/Spectre.Console/AnsiConsole.Markup.cs:line 81
   at V1Per.Ui.MarkupLine(String markup) in C:\Users\My PC\Downloads\test\v1per-wpf\Console\Ui.cs:line 61
   at V1Per.Ui.Muted(String message) in C:\Users\My PC\Downloads\test\v1per-wpf\Console\Ui.cs:line 119
   at v1per_wpf.MainWindow.<>c__DisplayClass7_2.<.ctor>b__12() in C:\Users\My PC\Downloads\test\v1per-wpf\MainWindow.xaml.cs:line 97
   at System.Windows.Threading.ExceptionWrapper.InternalRealCall(Delegate callback, Object args, Int32 numArgs)
   at System.Windows.Threading.ExceptionWrapper.TryCatchWhen(Object source, Delegate callback, Object args, Int32 numArgs, Delegate catchHandler)

[2026-09-09 14:44:49] System.InvalidOperationException: Could not find color or style 'MTK'.
   at Spectre.Console.AnsiMarkupTagParser.Parse(String text) in /_/src/Spectre.Console.Ansi/AnsiMarkupTagParser.cs:line 10
   at Spectre.Console.AnsiMarkup.Parse(String markup, Nullable`1 style) in /_/src/Spectre.Console.Ansi/AnsiMarkup.cs:line 67
   at Spectre.Console.Markup..ctor(String text, Nullable`1 style) in /_/src/Spectre.Console/Widgets/Markup.cs:line 43
   at Spectre.Console.AnsiConsoleExtensions.Markup(IAnsiConsole console, String value) in /_/src/Spectre.Console/Extensions/AnsiConsoleExtensions.Markup.cs:line 87
   at Spectre.Console.AnsiConsoleExtensions.MarkupLine(IAnsiConsole console, String value) in /_/src/Spectre.Console/Extensions/AnsiConsoleExtensions.Markup.cs:line 133
   at Spectre.Console.AnsiConsole.MarkupLine(String value) in /_/src/Spectre.Console/AnsiConsole.Markup.cs:line 81
   at V1Per.Ui.MarkupLine(String markup) in C:\Users\My PC\Downloads\test\v1per-wpf\Console\Ui.cs:line 61
   at V1Per.Ui.Muted(String message) in C:\Users\My PC\Downloads\test\v1per-wpf\Console\Ui.cs:line 119
   at v1per_wpf.MainWindow.<>c__DisplayClass7_2.<.ctor>b__12() in C:\Users\My PC\Downloads\test\v1per-wpf\MainWindow.xaml.cs:line 97
   at System.Windows.Threading.ExceptionWrapper.InternalRealCall(Delegate callback, Object args, Int32 numArgs)
   at System.Windows.Threading.ExceptionWrapper.TryCatchWhen(Object source, Delegate callback, Object args, Int32 numArgs, Delegate catchHandler)

[2026-09-09 14:44:49] System.InvalidOperationException: Could not find color or style 'MTK'.
   at Spectre.Console.AnsiMarkupTagParser.Parse(String text) in /_/src/Spectre.Console.Ansi/AnsiMarkupTagParser.cs:line 10
   at Spectre.Console.AnsiMarkup.Parse(String markup, Nullable`1 style) in /_/src/Spectre.Console.Ansi/AnsiMarkup.cs:line 67
   at Spectre.Console.Markup..ctor(String text, Nullable`1 style) in /_/src/Spectre.Console/Widgets/Markup.cs:line 43
   at Spectre.Console.AnsiConsoleExtensions.Markup(IAnsiConsole console, String value) in /_/src/Spectre.Console/Extensions/AnsiConsoleExtensions.Markup.cs:line 87
   at Spectre.Console.AnsiConsoleExtensions.MarkupLine(IAnsiConsole console, String value) in /_/src/Spectre.Console/Extensions/AnsiConsoleExtensions.Markup.cs:line 133
   at Spectre.Console.AnsiConsole.MarkupLine(String value) in /_/src/Spectre.Console/AnsiConsole.Markup.cs:line 81
   at V1Per.Ui.MarkupLine(String markup) in C:\Users\My PC\Downloads\test\v1per-wpf\Console\Ui.cs:line 61
   at V1Per.Ui.Muted(String message) in C:\Users\My PC\Downloads\test\v1per-wpf\Console\Ui.cs:line 119
   at v1per_wpf.MainWindow.<>c__DisplayClass7_2.<.ctor>b__12() in C:\Users\My PC\Downloads\test\v1per-wpf\MainWindow.xaml.cs:line 97
   at System.Windows.Threading.ExceptionWrapper.InternalRealCall(Delegate callback, Object args, Int32 numArgs)
   at System.Windows.Threading.ExceptionWrapper.TryCatchWhen(Object source, Delegate callback, Object args, Int32 numArgs, Delegate catchHandler)

[2026-09-09 14:44:49] System.InvalidOperationException: Could not find color or style 'MTK'.
   at Spectre.Console.AnsiMarkupTagParser.Parse(String text) in /_/src/Spectre.Console.Ansi/AnsiMarkupTagParser.cs:line 10
   at Spectre.Console.AnsiMarkup.Parse(String markup, Nullable`1 style) in /_/src/Spectre.Console.Ansi/AnsiMarkup.cs:line 67
   at Spectre.Console.Markup..ctor(String text, Nullable`1 style) in /_/src/Spectre.Console/Widgets/Markup.cs:line 43
   at Spectre.Console.AnsiConsoleExtensions.Markup(IAnsiConsole console, String value) in /_/src/Spectre.Console/Extensions/AnsiConsoleExtensions.Markup.cs:line 87
   at Spectre.Console.AnsiConsoleExtensions.MarkupLine(IAnsiConsole console, String value) in /_/src/Spectre.Console/Extensions/AnsiConsoleExtensions.Markup.cs:line 133
   at Spectre.Console.AnsiConsole.MarkupLine(String value) in /_/src/Spectre.Console/AnsiConsole.Markup.cs:line 81
   at V1Per.Ui.MarkupLine(String markup) in C:\Users\My PC\Downloads\test\v1per-wpf\Console\Ui.cs:line 61
   at V1Per.Ui.Muted(String message) in C:\Users\My PC\Downloads\test\v1per-wpf\Console\Ui.cs:line 119
   at v1per_wpf.MainWindow.<>c__DisplayClass7_2.<.ctor>b__12() in C:\Users\My PC\Downloads\test\v1per-wpf\MainWindow.xaml.cs:line 97
   at System.Windows.Threading.ExceptionWrapper.InternalRealCall(Delegate callback, Object args, Int32 numArgs)
   at System.Windows.Threading.ExceptionWrapper.TryCatchWhen(Object source, Delegate callback, Object args, Int32 numArgs, Delegate catchHandler)

[2026-09-09 14:44:49] System.InvalidOperationException: Could not find color or style 'MTK'.
   at Spectre.Console.AnsiMarkupTagParser.Parse(String text) in /_/src/Spectre.Console.Ansi/AnsiMarkupTagParser.cs:line 10
   at Spectre.Console.AnsiMarkup.Parse(String markup, Nullable`1 style) in /_/src/Spectre.Console.Ansi/AnsiMarkup.cs:line 67
   at Spectre.Console.Markup..ctor(String text, Nullable`1 style) in /_/src/Spectre.Console/Widgets/Markup.cs:line 43
   at Spectre.Console.AnsiConsoleExtensions.Markup(IAnsiConsole console, String value) in /_/src/Spectre.Console/Extensions/AnsiConsoleExtensions.Markup.cs:line 87
   at Spectre.Console.AnsiConsoleExtensions.MarkupLine(IAnsiConsole console, String value) in /_/src/Spectre.Console/Extensions/AnsiConsoleExtensions.Markup.cs:line 133
   at Spectre.Console.AnsiConsole.MarkupLine(String value) in /_/src/Spectre.Console/AnsiConsole.Markup.cs:line 81
   at V1Per.Ui.MarkupLine(String markup) in C:\Users\My PC\Downloads\test\v1per-wpf\Console\Ui.cs:line 61
   at V1Per.Ui.Muted(String message) in C:\Users\My PC\Downloads\test\v1per-wpf\Console\Ui.cs:line 119
   at v1per_wpf.MainWindow.<>c__DisplayClass7_2.<.ctor>b__12() in C:\Users\My PC\Downloads\test\v1per-wpf\MainWindow.xaml.cs:line 97
   at System.Windows.Threading.ExceptionWrapper.InternalRealCall(Delegate callback, Object args, Int32 numArgs)
   at System.Windows.Threading.ExceptionWrapper.TryCatchWhen(Object source, Delegate callback, Object args, Int32 numArgs, Delegate catchHandler)

[2026-09-09 14:44:49] System.InvalidOperationException: Could not find color or style 'MTK'.
   at Spectre.Console.AnsiMarkupTagParser.Parse(String text) in /_/src/Spectre.Console.Ansi/AnsiMarkupTagParser.cs:line 10
   at Spectre.Console.AnsiMarkup.Parse(String markup, Nullable`1 style) in /_/src/Spectre.Console.Ansi/AnsiMarkup.cs:line 67
   at Spectre.Console.Markup..ctor(String text, Nullable`1 style) in /_/src/Spectre.Console/Widgets/Markup.cs:line 43
   at Spectre.Console.AnsiConsoleExtensions.Markup(IAnsiConsole console, String value) in /_/src/Spectre.Console/Extensions/AnsiConsoleExtensions.Markup.cs:line 87
   at Spectre.Console.AnsiConsoleExtensions.MarkupLine(IAnsiConsole console, String value) in /_/src/Spectre.Console/Extensions/AnsiConsoleExtensions.Markup.cs:line 133
   at Spectre.Console.AnsiConsole.MarkupLine(String value) in /_/src/Spectre.Console/AnsiConsole.Markup.cs:line 81
   at V1Per.Ui.MarkupLine(String markup) in C:\Users\My PC\Downloads\test\v1per-wpf\Console\Ui.cs:line 61
   at V1Per.Ui.Muted(String message) in C:\Users\My PC\Downloads\test\v1per-wpf\Console\Ui.cs:line 119
   at v1per_wpf.MainWindow.<>c__DisplayClass7_2.<.ctor>b__12() in C:\Users\My PC\Downloads\test\v1per-wpf\MainWindow.xaml.cs:line 97
   at System.Windows.Threading.ExceptionWrapper.InternalRealCall(Delegate callback, Object args, Int32 numArgs)
   at System.Windows.Threading.ExceptionWrapper.TryCatchWhen(Object source, Delegate callback, Object args, Int32 numArgs, Delegate catchHandler)

[2026-09-09 14:44:49] System.InvalidOperationException: Could not find color or style 'MTK'.
   at Spectre.Console.AnsiMarkupTagParser.Parse(String text) in /_/src/Spectre.Console.Ansi/AnsiMarkupTagParser.cs:line 10
   at Spectre.Console.AnsiMarkup.Parse(String markup, Nullable`1 style) in /_/src/Spectre.Console.Ansi/AnsiMarkup.cs:line 67
   at Spectre.Console.Markup..ctor(String text, Nullable`1 style) in /_/src/Spectre.Console/Widgets/Markup.cs:line 43
   at Spectre.Console.AnsiConsoleExtensions.Markup(IAnsiConsole console, String value) in /_/src/Spectre.Console/Extensions/AnsiConsoleExtensions.Markup.cs:line 87
   at Spectre.Console.AnsiConsoleExtensions.MarkupLine(IAnsiConsole console, String value) in /_/src/Spectre.Console/Extensions/AnsiConsoleExtensions.Markup.cs:line 133
   at Spectre.Console.AnsiConsole.MarkupLine(String value) in /_/src/Spectre.Console/AnsiConsole.Markup.cs:line 81
   at V1Per.Ui.MarkupLine(String markup) in C:\Users\My PC\Downloads\test\v1per-wpf\Console\Ui.cs:line 61
   at V1Per.Ui.Muted(String message) in C:\Users\My PC\Downloads\test\v1per-wpf\Console\Ui.cs:line 119
   at v1per_wpf.MainWindow.<>c__DisplayClass7_2.<.ctor>b__12() in C:\Users\My PC\Downloads\test\v1per-wpf\MainWindow.xaml.cs:line 97
   at System.Windows.Threading.ExceptionWrapper.InternalRealCall(Delegate callback, Object args, Int32 numArgs)
   at System.Windows.Threading.ExceptionWrapper.TryCatchWhen(Object source, Delegate callback, Object args, Int32 numArgs, Delegate catchHandler)

[2026-09-09 14:44:49] System.InvalidOperationException: Could not find color or style 'MTK'.
   at Spectre.Console.AnsiMarkupTagParser.Parse(String text) in /_/src/Spectre.Console.Ansi/AnsiMarkupTagParser.cs:line 10
   at Spectre.Console.AnsiMarkup.Parse(String markup, Nullable`1 style) in /_/src/Spectre.Console.Ansi/AnsiMarkup.cs:line 67
   at Spectre.Console.Markup..ctor(String text, Nullable`1 style) in /_/src/Spectre.Console/Widgets/Markup.cs:line 43
   at Spectre.Console.AnsiConsoleExtensions.Markup(IAnsiConsole console, String value) in /_/src/Spectre.Console/Extensions/AnsiConsoleExtensions.Markup.cs:line 87
   at Spectre.Console.AnsiConsoleExtensions.MarkupLine(IAnsiConsole console, String value) in /_/src/Spectre.Console/Extensions/AnsiConsoleExtensions.Markup.cs:line 133
   at Spectre.Console.AnsiConsole.MarkupLine(String value) in /_/src/Spectre.Console/AnsiConsole.Markup.cs:line 81
   at V1Per.Ui.MarkupLine(String markup) in C:\Users\My PC\Downloads\test\v1per-wpf\Console\Ui.cs:line 61
   at V1Per.Ui.Muted(String message) in C:\Users\My PC\Downloads\test\v1per-wpf\Console\Ui.cs:line 119
   at v1per_wpf.MainWindow.<>c__DisplayClass7_2.<.ctor>b__12() in C:\Users\My PC\Downloads\test\v1per-wpf\MainWindow.xaml.cs:line 97
   at System.Windows.Threading.ExceptionWrapper.InternalRealCall(Delegate callback, Object args, Int32 numArgs)
   at System.Windows.Threading.ExceptionWrapper.TryCatchWhen(Object source, Delegate callback, Object args, Int32 numArgs, Delegate catchHandler)

[2026-09-09 14:44:49] System.InvalidOperationException: Could not find color or style 'MTK'.
   at Spectre.Console.AnsiMarkupTagParser.Parse(String text) in /_/src/Spectre.Console.Ansi/AnsiMarkupTagParser.cs:line 10
   at Spectre.Console.AnsiMarkup.Parse(String markup, Nullable`1 style) in /_/src/Spectre.Console.Ansi/AnsiMarkup.cs:line 67
   at Spectre.Console.Markup..ctor(String text, Nullable`1 style) in /_/src/Spectre.Console/Widgets/Markup.cs:line 43
   at Spectre.Console.AnsiConsoleExtensions.Markup(IAnsiConsole console, String value) in /_/src/Spectre.Console/Extensions/AnsiConsoleExtensions.Markup.cs:line 87
   at Spectre.Console.AnsiConsoleExtensions.MarkupLine(IAnsiConsole console, String value) in /_/src/Spectre.Console/Extensions/AnsiConsoleExtensions.Markup.cs:line 133
   at Spectre.Console.AnsiConsole.MarkupLine(String value) in /_/src/Spectre.Console/AnsiConsole.Markup.cs:line 81
   at V1Per.Ui.MarkupLine(String markup) in C:\Users\My PC\Downloads\test\v1per-wpf\Console\Ui.cs:line 61
   at V1Per.Ui.Muted(String message) in C:\Users\My PC\Downloads\test\v1per-wpf\Console\Ui.cs:line 119
   at v1per_wpf.MainWindow.<>c__DisplayClass7_2.<.ctor>b__12() in C:\Users\My PC\Downloads\test\v1per-wpf\MainWindow.xaml.cs:line 97
   at System.Windows.Threading.ExceptionWrapper.InternalRealCall(Delegate callback, Object args, Int32 numArgs)
   at System.Windows.Threading.ExceptionWrapper.TryCatchWhen(Object source, Delegate callback, Object args, Int32 numArgs, Delegate catchHandler)

[2026-09-09 14:44:49] System.InvalidOperationException: Could not find color or style 'MTK'.
   at Spectre.Console.AnsiMarkupTagParser.Parse(String text) in /_/src/Spectre.Console.Ansi/AnsiMarkupTagParser.cs:line 10
   at Spectre.Console.AnsiMarkup.Parse(String markup, Nullable`1 style) in /_/src/Spectre.Console.Ansi/AnsiMarkup.cs:line 67
   at Spectre.Console.Markup..ctor(String text, Nullable`1 style) in /_/src/Spectre.Console/Widgets/Markup.cs:line 43
   at Spectre.Console.AnsiConsoleExtensions.Markup(IAnsiConsole console, String value) in /_/src/Spectre.Console/Extensions/AnsiConsoleExtensions.Markup.cs:line 87
   at Spectre.Console.AnsiConsoleExtensions.MarkupLine(IAnsiConsole console, String value) in /_/src/Spectre.Console/Extensions/AnsiConsoleExtensions.Markup.cs:line 133
   at Spectre.Console.AnsiConsole.MarkupLine(String value) in /_/src/Spectre.Console/AnsiConsole.Markup.cs:line 81
   at V1Per.Ui.MarkupLine(String markup) in C:\Users\My PC\Downloads\test\v1per-wpf\Console\Ui.cs:line 61
   at V1Per.Ui.Muted(String message) in C:\Users\My PC\Downloads\test\v1per-wpf\Console\Ui.cs:line 119
   at v1per_wpf.MainWindow.<>c__DisplayClass7_2.<.ctor>b__12() in C:\Users\My PC\Downloads\test\v1per-wpf\MainWindow.xaml.cs:line 97
   at System.Windows.Threading.ExceptionWrapper.InternalRealCall(Delegate callback, Object args, Int32 numArgs)
   at System.Windows.Threading.ExceptionWrapper.TryCatchWhen(Object source, Delegate callback, Object args, Int32 numArgs, Delegate catchHandler)

[2026-09-09 14:44:49] System.InvalidOperationException: Could not find color or style 'MTK'.
   at Spectre.Console.AnsiMarkupTagParser.Parse(String text) in /_/src/Spectre.Console.Ansi/AnsiMarkupTagParser.cs:line 10
   at Spectre.Console.AnsiMarkup.Parse(String markup, Nullable`1 style) in /_/src/Spectre.Console.Ansi/AnsiMarkup.cs:line 67
   at Spectre.Console.Markup..ctor(String text, Nullable`1 style) in /_/src/Spectre.Console/Widgets/Markup.cs:line 43
   at Spectre.Console.AnsiConsoleExtensions.Markup(IAnsiConsole console, String value) in /_/src/Spectre.Console/Extensions/AnsiConsoleExtensions.Markup.cs:line 87
   at Spectre.Console.AnsiConsoleExtensions.MarkupLine(IAnsiConsole console, String value) in /_/src/Spectre.Console/Extensions/AnsiConsoleExtensions.Markup.cs:line 133
   at Spectre.Console.AnsiConsole.MarkupLine(String value) in /_/src/Spectre.Console/AnsiConsole.Markup.cs:line 81
   at V1Per.Ui.MarkupLine(String markup) in C:\Users\My PC\Downloads\test\v1per-wpf\Console\Ui.cs:line 61
   at V1Per.Ui.Muted(String message) in C:\Users\My PC\Downloads\test\v1per-wpf\Console\Ui.cs:line 119
   at v1per_wpf.MainWindow.<>c__DisplayClass7_2.<.ctor>b__12() in C:\Users\My PC\Downloads\test\v1per-wpf\MainWindow.xaml.cs:line 97
   at System.Windows.Threading.ExceptionWrapper.InternalRealCall(Delegate callback, Object args, Int32 numArgs)
   at System.Windows.Threading.ExceptionWrapper.TryCatchWhen(Object source, Delegate callback, Object args, Int32 numArgs, Delegate catchHandler)

[2026-09-09 14:44:49] System.InvalidOperationException: Could not find color or style 'MTK'.
   at Spectre.Console.AnsiMarkupTagParser.Parse(String text) in /_/src/Spectre.Console.Ansi/AnsiMarkupTagParser.cs:line 10
   at Spectre.Console.AnsiMarkup.Parse(String markup, Nullable`1 style) in /_/src/Spectre.Console.Ansi/AnsiMarkup.cs:line 67
   at Spectre.Console.Markup..ctor(String text, Nullable`1 style) in /_/src/Spectre.Console/Widgets/Markup.cs:line 43
   at Spectre.Console.AnsiConsoleExtensions.Markup(IAnsiConsole console, String value) in /_/src/Spectre.Console/Extensions/AnsiConsoleExtensions.Markup.cs:line 87
   at Spectre.Console.AnsiConsoleExtensions.MarkupLine(IAnsiConsole console, String value) in /_/src/Spectre.Console/Extensions/AnsiConsoleExtensions.Markup.cs:line 133
   at Spectre.Console.AnsiConsole.MarkupLine(String value) in /_/src/Spectre.Console/AnsiConsole.Markup.cs:line 81
   at V1Per.Ui.MarkupLine(String markup) in C:\Users\My PC\Downloads\test\v1per-wpf\Console\Ui.cs:line 61
   at V1Per.Ui.Muted(String message) in C:\Users\My PC\Downloads\test\v1per-wpf\Console\Ui.cs:line 119
   at v1per_wpf.MainWindow.<>c__DisplayClass7_2.<.ctor>b__12() in C:\Users\My PC\Downloads\test\v1per-wpf\MainWindow.xaml.cs:line 97
   at System.Windows.Threading.ExceptionWrapper.InternalRealCall(Delegate callback, Object args, Int32 numArgs)
   at System.Windows.Threading.ExceptionWrapper.TryCatchWhen(Object source, Delegate callback, Object args, Int32 numArgs, Delegate catchHandler)

[2026-09-09 14:44:49] System.InvalidOperationException: Could not find color or style 'MTK'.
   at Spectre.Console.AnsiMarkupTagParser.Parse(String text) in /_/src/Spectre.Console.Ansi/AnsiMarkupTagParser.cs:line 10
   at Spectre.Console.AnsiMarkup.Parse(String markup, Nullable`1 style) in /_/src/Spectre.Console.Ansi/AnsiMarkup.cs:line 67
   at Spectre.Console.Markup..ctor(String text, Nullable`1 style) in /_/src/Spectre.Console/Widgets/Markup.cs:line 43
   at Spectre.Console.AnsiConsoleExtensions.Markup(IAnsiConsole console, String value) in /_/src/Spectre.Console/Extensions/AnsiConsoleExtensions.Markup.cs:line 87
   at Spectre.Console.AnsiConsoleExtensions.MarkupLine(IAnsiConsole console, String value) in /_/src/Spectre.Console/Extensions/AnsiConsoleExtensions.Markup.cs:line 133
   at Spectre.Console.AnsiConsole.MarkupLine(String value) in /_/src/Spectre.Console/AnsiConsole.Markup.cs:line 81
   at V1Per.Ui.MarkupLine(String markup) in C:\Users\My PC\Downloads\test\v1per-wpf\Console\Ui.cs:line 61
   at V1Per.Ui.Muted(String message) in C:\Users\My PC\Downloads\test\v1per-wpf\Console\Ui.cs:line 119
   at v1per_wpf.MainWindow.<>c__DisplayClass7_2.<.ctor>b__12() in C:\Users\My PC\Downloads\test\v1per-wpf\MainWindow.xaml.cs:line 97
   at System.Windows.Threading.ExceptionWrapper.InternalRealCall(Delegate callback, Object args, Int32 numArgs)
   at System.Windows.Threading.ExceptionWrapper.TryCatchWhen(Object source, Delegate callback, Object args, Int32 numArgs, Delegate catchHandler)

[2026-09-09 14:44:49] System.InvalidOperationException: Could not find color or style 'MTK'.
   at Spectre.Console.AnsiMarkupTagParser.Parse(String text) in /_/src/Spectre.Console.Ansi/AnsiMarkupTagParser.cs:line 10
   at Spectre.Console.AnsiMarkup.Parse(String markup, Nullable`1 style) in /_/src/Spectre.Console.Ansi/AnsiMarkup.cs:line 67
   at Spectre.Console.Markup..ctor(String text, Nullable`1 style) in /_/src/Spectre.Console/Widgets/Markup.cs:line 43
   at Spectre.Console.AnsiConsoleExtensions.Markup(IAnsiConsole console, String value) in /_/src/Spectre.Console/Extensions/AnsiConsoleExtensions.Markup.cs:line 87
   at Spectre.Console.AnsiConsoleExtensions.MarkupLine(IAnsiConsole console, String value) in /_/src/Spectre.Console/Extensions/AnsiConsoleExtensions.Markup.cs:line 133
   at Spectre.Console.AnsiConsole.MarkupLine(String value) in /_/src/Spectre.Console/AnsiConsole.Markup.cs:line 81
   at V1Per.Ui.MarkupLine(String markup) in C:\Users\My PC\Downloads\test\v1per-wpf\Console\Ui.cs:line 61
   at V1Per.Ui.Muted(String message) in C:\Users\My PC\Downloads\test\v1per-wpf\Console\Ui.cs:line 119
   at v1per_wpf.MainWindow.<>c__DisplayClass7_2.<.ctor>b__12() in C:\Users\My PC\Downloads\test\v1per-wpf\MainWindow.xaml.cs:line 97
   at System.Windows.Threading.ExceptionWrapper.InternalRealCall(Delegate callback, Object args, Int32 numArgs)
   at System.Windows.Threading.ExceptionWrapper.TryCatchWhen(Object source, Delegate callback, Object args, Int32 numArgs, Delegate catchHandler)

[2026-09-09 14:44:50] System.InvalidOperationException: Could not find color or style 'MTK'.
   at Spectre.Console.AnsiMarkupTagParser.Parse(String text) in /_/src/Spectre.Console.Ansi/AnsiMarkupTagParser.cs:line 10
   at Spectre.Console.AnsiMarkup.Parse(String markup, Nullable`1 style) in /_/src/Spectre.Console.Ansi/AnsiMarkup.cs:line 67
   at Spectre.Console.Markup..ctor(String text, Nullable`1 style) in /_/src/Spectre.Console/Widgets/Markup.cs:line 43
   at Spectre.Console.AnsiConsoleExtensions.Markup(IAnsiConsole console, String value) in /_/src/Spectre.Console/Extensions/AnsiConsoleExtensions.Markup.cs:line 87
   at Spectre.Console.AnsiConsoleExtensions.MarkupLine(IAnsiConsole console, String value) in /_/src/Spectre.Console/Extensions/AnsiConsoleExtensions.Markup.cs:line 133
   at Spectre.Console.AnsiConsole.MarkupLine(String value) in /_/src/Spectre.Console/AnsiConsole.Markup.cs:line 81
   at V1Per.Ui.MarkupLine(String markup) in C:\Users\My PC\Downloads\test\v1per-wpf\Console\Ui.cs:line 61
   at V1Per.Ui.Muted(String message) in C:\Users\My PC\Downloads\test\v1per-wpf\Console\Ui.cs:line 119
   at v1per_wpf.MainWindow.<>c__DisplayClass7_2.<.ctor>b__12() in C:\Users\My PC\Downloads\test\v1per-wpf\MainWindow.xaml.cs:line 97
   at System.Windows.Threading.ExceptionWrapper.InternalRealCall(Delegate callback, Object args, Int32 numArgs)
   at System.Windows.Threading.ExceptionWrapper.TryCatchWhen(Object source, Delegate callback, Object args, Int32 numArgs, Delegate catchHandler)

[2026-09-09 14:44:50] System.InvalidOperationException: Could not find color or style 'MTK'.
   at Spectre.Console.AnsiMarkupTagParser.Parse(String text) in /_/src/Spectre.Console.Ansi/AnsiMarkupTagParser.cs:line 10
   at Spectre.Console.AnsiMarkup.Parse(String markup, Nullable`1 style) in /_/src/Spectre.Console.Ansi/AnsiMarkup.cs:line 67
   at Spectre.Console.Markup..ctor(String text, Nullable`1 style) in /_/src/Spectre.Console/Widgets/Markup.cs:line 43
   at Spectre.Console.AnsiConsoleExtensions.Markup(IAnsiConsole console, String value) in /_/src/Spectre.Console/Extensions/AnsiConsoleExtensions.Markup.cs:line 87
   at Spectre.Console.AnsiConsoleExtensions.MarkupLine(IAnsiConsole console, String value) in /_/src/Spectre.Console/Extensions/AnsiConsoleExtensions.Markup.cs:line 133
   at Spectre.Console.AnsiConsole.MarkupLine(String value) in /_/src/Spectre.Console/AnsiConsole.Markup.cs:line 81
   at V1Per.Ui.MarkupLine(String markup) in C:\Users\My PC\Downloads\test\v1per-wpf\Console\Ui.cs:line 61
   at V1Per.Ui.Muted(String message) in C:\Users\My PC\Downloads\test\v1per-wpf\Console\Ui.cs:line 119
   at v1per_wpf.MainWindow.<>c__DisplayClass7_2.<.ctor>b__12() in C:\Users\My PC\Downloads\test\v1per-wpf\MainWindow.xaml.cs:line 97
   at System.Windows.Threading.ExceptionWrapper.InternalRealCall(Delegate callback, Object args, Int32 numArgs)
   at System.Windows.Threading.ExceptionWrapper.TryCatchWhen(Object source, Delegate callback, Object args, Int32 numArgs, Delegate catchHandler)

[2026-09-09 14:44:50] System.InvalidOperationException: Could not find color or style 'MTK'.
   at Spectre.Console.AnsiMarkupTagParser.Parse(String text) in /_/src/Spectre.Console.Ansi/AnsiMarkupTagParser.cs:line 10
   at Spectre.Console.AnsiMarkup.Parse(String markup, Nullable`1 style) in /_/src/Spectre.Console.Ansi/AnsiMarkup.cs:line 67
   at Spectre.Console.Markup..ctor(String text, Nullable`1 style) in /_/src/Spectre.Console/Widgets/Markup.cs:line 43
   at Spectre.Console.AnsiConsoleExtensions.Markup(IAnsiConsole console, String value) in /_/src/Spectre.Console/Extensions/AnsiConsoleExtensions.Markup.cs:line 87
   at Spectre.Console.AnsiConsoleExtensions.MarkupLine(IAnsiConsole console, String value) in /_/src/Spectre.Console/Extensions/AnsiConsoleExtensions.Markup.cs:line 133
   at Spectre.Console.AnsiConsole.MarkupLine(String value) in /_/src/Spectre.Console/AnsiConsole.Markup.cs:line 81
   at V1Per.Ui.MarkupLine(String markup) in C:\Users\My PC\Downloads\test\v1per-wpf\Console\Ui.cs:line 61
   at V1Per.Ui.Muted(String message) in C:\Users\My PC\Downloads\test\v1per-wpf\Console\Ui.cs:line 119
   at v1per_wpf.MainWindow.<>c__DisplayClass7_2.<.ctor>b__12() in C:\Users\My PC\Downloads\test\v1per-wpf\MainWindow.xaml.cs:line 97
   at System.Windows.Threading.ExceptionWrapper.InternalRealCall(Delegate callback, Object args, Int32 numArgs)
   at System.Windows.Threading.ExceptionWrapper.TryCatchWhen(Object source, Delegate callback, Object args, Int32 numArgs, Delegate catchHandler)

[2026-09-09 14:44:50] System.InvalidOperationException: Could not find color or style 'MTK'.
   at Spectre.Console.AnsiMarkupTagParser.Parse(String text) in /_/src/Spectre.Console.Ansi/AnsiMarkupTagParser.cs:line 10
   at Spectre.Console.AnsiMarkup.Parse(String markup, Nullable`1 style) in /_/src/Spectre.Console.Ansi/AnsiMarkup.cs:line 67
   at Spectre.Console.Markup..ctor(String text, Nullable`1 style) in /_/src/Spectre.Console/Widgets/Markup.cs:line 43
   at Spectre.Console.AnsiConsoleExtensions.Markup(IAnsiConsole console, String value) in /_/src/Spectre.Console/Extensions/AnsiConsoleExtensions.Markup.cs:line 87
   at Spectre.Console.AnsiConsoleExtensions.MarkupLine(IAnsiConsole console, String value) in /_/src/Spectre.Console/Extensions/AnsiConsoleExtensions.Markup.cs:line 133
   at Spectre.Console.AnsiConsole.MarkupLine(String value) in /_/src/Spectre.Console/AnsiConsole.Markup.cs:line 81
   at V1Per.Ui.MarkupLine(String markup) in C:\Users\My PC\Downloads\test\v1per-wpf\Console\Ui.cs:line 61
   at V1Per.Ui.Muted(String message) in C:\Users\My PC\Downloads\test\v1per-wpf\Console\Ui.cs:line 119
   at v1per_wpf.MainWindow.<>c__DisplayClass7_2.<.ctor>b__12() in C:\Users\My PC\Downloads\test\v1per-wpf\MainWindow.xaml.cs:line 97
   at System.Windows.Threading.ExceptionWrapper.InternalRealCall(Delegate callback, Object args, Int32 numArgs)
   at System.Windows.Threading.ExceptionWrapper.TryCatchWhen(Object source, Delegate callback, Object args, Int32 numArgs, Delegate catchHandler)

[2026-09-09 14:44:50] System.InvalidOperationException: Could not find color or style 'MTK'.
   at Spectre.Console.AnsiMarkupTagParser.Parse(String text) in /_/src/Spectre.Console.Ansi/AnsiMarkupTagParser.cs:line 10
   at Spectre.Console.AnsiMarkup.Parse(String markup, Nullable`1 style) in /_/src/Spectre.Console.Ansi/AnsiMarkup.cs:line 67
   at Spectre.Console.Markup..ctor(String text, Nullable`1 style) in /_/src/Spectre.Console/Widgets/Markup.cs:line 43
   at Spectre.Console.AnsiConsoleExtensions.Markup(IAnsiConsole console, String value) in /_/src/Spectre.Console/Extensions/AnsiConsoleExtensions.Markup.cs:line 87
   at Spectre.Console.AnsiConsoleExtensions.MarkupLine(IAnsiConsole console, String value) in /_/src/Spectre.Console/Extensions/AnsiConsoleExtensions.Markup.cs:line 133
   at Spectre.Console.AnsiConsole.MarkupLine(String value) in /_/src/Spectre.Console/AnsiConsole.Markup.cs:line 81
   at V1Per.Ui.MarkupLine(String markup) in C:\Users\My PC\Downloads\test\v1per-wpf\Console\Ui.cs:line 61
   at V1Per.Ui.Muted(String message) in C:\Users\My PC\Downloads\test\v1per-wpf\Console\Ui.cs:line 119
   at v1per_wpf.MainWindow.<>c__DisplayClass7_2.<.ctor>b__12() in C:\Users\My PC\Downloads\test\v1per-wpf\MainWindow.xaml.cs:line 97
   at System.Windows.Threading.ExceptionWrapper.InternalRealCall(Delegate callback, Object args, Int32 numArgs)
   at System.Windows.Threading.ExceptionWrapper.TryCatchWhen(Object source, Delegate callback, Object args, Int32 numArgs, Delegate catchHandler)

[2026-09-09 14:44:50] System.InvalidOperationException: Could not find color or style 'MTK'.
   at Spectre.Console.AnsiMarkupTagParser.Parse(String text) in /_/src/Spectre.Console.Ansi/AnsiMarkupTagParser.cs:line 10
   at Spectre.Console.AnsiMarkup.Parse(String markup, Nullable`1 style) in /_/src/Spectre.Console.Ansi/AnsiMarkup.cs:line 67
   at Spectre.Console.Markup..ctor(String text, Nullable`1 style) in /_/src/Spectre.Console/Widgets/Markup.cs:line 43
   at Spectre.Console.AnsiConsoleExtensions.Markup(IAnsiConsole console, String value) in /_/src/Spectre.Console/Extensions/AnsiConsoleExtensions.Markup.cs:line 87
   at Spectre.Console.AnsiConsoleExtensions.MarkupLine(IAnsiConsole console, String value) in /_/src/Spectre.Console/Extensions/AnsiConsoleExtensions.Markup.cs:line 133
   at Spectre.Console.AnsiConsole.MarkupLine(String value) in /_/src/Spectre.Console/AnsiConsole.Markup.cs:line 81
   at V1Per.Ui.MarkupLine(String markup) in C:\Users\My PC\Downloads\test\v1per-wpf\Console\Ui.cs:line 61
   at V1Per.Ui.Muted(String message) in C:\Users\My PC\Downloads\test\v1per-wpf\Console\Ui.cs:line 119
   at v1per_wpf.MainWindow.<>c__DisplayClass7_2.<.ctor>b__12() in C:\Users\My PC\Downloads\test\v1per-wpf\MainWindow.xaml.cs:line 97
   at System.Windows.Threading.ExceptionWrapper.InternalRealCall(Delegate callback, Object args, Int32 numArgs)
   at System.Windows.Threading.ExceptionWrapper.TryCatchWhen(Object source, Delegate callback, Object args, Int32 numArgs, Delegate catchHandler)

[2026-09-09 14:47:03] System.InvalidOperationException: Could not find color or style 'MTK'.
   at Spectre.Console.AnsiMarkupTagParser.Parse(String text) in /_/src/Spectre.Console.Ansi/AnsiMarkupTagParser.cs:line 10
   at Spectre.Console.AnsiMarkup.Parse(String markup, Nullable`1 style) in /_/src/Spectre.Console.Ansi/AnsiMarkup.cs:line 67
   at Spectre.Console.Markup..ctor(String text, Nullable`1 style) in /_/src/Spectre.Console/Widgets/Markup.cs:line 43
   at Spectre.Console.AnsiConsoleExtensions.Markup(IAnsiConsole console, String value) in /_/src/Spectre.Console/Extensions/AnsiConsoleExtensions.Markup.cs:line 87
   at Spectre.Console.AnsiConsoleExtensions.MarkupLine(IAnsiConsole console, String value) in /_/src/Spectre.Console/Extensions/AnsiConsoleExtensions.Markup.cs:line 133
   at Spectre.Console.AnsiConsole.MarkupLine(String value) in /_/src/Spectre.Console/AnsiConsole.Markup.cs:line 81
   at V1Per.Ui.MarkupLine(String markup) in C:\Users\My PC\Downloads\test\v1per-wpf\Console\Ui.cs:line 61
   at V1Per.Ui.Muted(String message) in C:\Users\My PC\Downloads\test\v1per-wpf\Console\Ui.cs:line 119
   at v1per_wpf.MainWindow.<>c__DisplayClass7_2.<.ctor>b__12() in C:\Users\My PC\Downloads\test\v1per-wpf\MainWindow.xaml.cs:line 97
   at System.Windows.Threading.ExceptionWrapper.InternalRealCall(Delegate callback, Object args, Int32 numArgs)
   at System.Windows.Threading.ExceptionWrapper.TryCatchWhen(Object source, Delegate callback, Object args, Int32 numArgs, Delegate catchHandler)

[2026-09-09 14:47:03] System.InvalidOperationException: Could not find color or style 'MTK'.
   at Spectre.Console.AnsiMarkupTagParser.Parse(String text) in /_/src/Spectre.Console.Ansi/AnsiMarkupTagParser.cs:line 10
   at Spectre.Console.AnsiMarkup.Parse(String markup, Nullable`1 style) in /_/src/Spectre.Console.Ansi/AnsiMarkup.cs:line 67
   at Spectre.Console.Markup..ctor(String text, Nullable`1 style) in /_/src/Spectre.Console/Widgets/Markup.cs:line 43
   at Spectre.Console.AnsiConsoleExtensions.Markup(IAnsiConsole console, String value) in /_/src/Spectre.Console/Extensions/AnsiConsoleExtensions.Markup.cs:line 87
   at Spectre.Console.AnsiConsoleExtensions.MarkupLine(IAnsiConsole console, String value) in /_/src/Spectre.Console/Extensions/AnsiConsoleExtensions.Markup.cs:line 133
   at Spectre.Console.AnsiConsole.MarkupLine(String value) in /_/src/Spectre.Console/AnsiConsole.Markup.cs:line 81
   at V1Per.Ui.MarkupLine(String markup) in C:\Users\My PC\Downloads\test\v1per-wpf\Console\Ui.cs:line 61
   at V1Per.Ui.Muted(String message) in C:\Users\My PC\Downloads\test\v1per-wpf\Console\Ui.cs:line 119
   at v1per_wpf.MainWindow.<>c__DisplayClass7_2.<.ctor>b__12() in C:\Users\My PC\Downloads\test\v1per-wpf\MainWindow.xaml.cs:line 97
   at System.Windows.Threading.ExceptionWrapper.InternalRealCall(Delegate callback, Object args, Int32 numArgs)
   at System.Windows.Threading.ExceptionWrapper.TryCatchWhen(Object source, Delegate callback, Object args, Int32 numArgs, Delegate catchHandler)

[2026-09-09 14:49:09] System.InvalidOperationException: Could not find color or style 'MTK'.
   at Spectre.Console.AnsiMarkupTagParser.Parse(String text) in /_/src/Spectre.Console.Ansi/AnsiMarkupTagParser.cs:line 10
   at Spectre.Console.AnsiMarkup.Parse(String markup, Nullable`1 style) in /_/src/Spectre.Console.Ansi/AnsiMarkup.cs:line 67
   at Spectre.Console.Markup..ctor(String text, Nullable`1 style) in /_/src/Spectre.Console/Widgets/Markup.cs:line 43
   at Spectre.Console.AnsiConsoleExtensions.Markup(IAnsiConsole console, String value) in /_/src/Spectre.Console/Extensions/AnsiConsoleExtensions.Markup.cs:line 87
   at Spectre.Console.AnsiConsoleExtensions.MarkupLine(IAnsiConsole console, String value) in /_/src/Spectre.Console/Extensions/AnsiConsoleExtensions.Markup.cs:line 133
   at Spectre.Console.AnsiConsole.MarkupLine(String value) in /_/src/Spectre.Console/AnsiConsole.Markup.cs:line 81
   at V1Per.Ui.MarkupLine(String markup) in C:\Users\My PC\Downloads\test\v1per-wpf\Console\Ui.cs:line 61
   at V1Per.Ui.Muted(String message) in C:\Users\My PC\Downloads\test\v1per-wpf\Console\Ui.cs:line 119
   at v1per_wpf.MainWindow.<>c__DisplayClass7_2.<.ctor>b__12() in C:\Users\My PC\Downloads\test\v1per-wpf\MainWindow.xaml.cs:line 97
   at System.Windows.Threading.ExceptionWrapper.InternalRealCall(Delegate callback, Object args, Int32 numArgs)
   at System.Windows.Threading.ExceptionWrapper.TryCatchWhen(Object source, Delegate callback, Object args, Int32 numArgs, Delegate catchHandler)

[2026-09-09 14:49:09] System.InvalidOperationException: Could not find color or style 'MTK'.
   at Spectre.Console.AnsiMarkupTagParser.Parse(String text) in /_/src/Spectre.Console.Ansi/AnsiMarkupTagParser.cs:line 10
   at Spectre.Console.AnsiMarkup.Parse(String markup, Nullable`1 style) in /_/src/Spectre.Console.Ansi/AnsiMarkup.cs:line 67
   at Spectre.Console.Markup..ctor(String text, Nullable`1 style) in /_/src/Spectre.Console/Widgets/Markup.cs:line 43
   at Spectre.Console.AnsiConsoleExtensions.Markup(IAnsiConsole console, String value) in /_/src/Spectre.Console/Extensions/AnsiConsoleExtensions.Markup.cs:line 87
   at Spectre.Console.AnsiConsoleExtensions.MarkupLine(IAnsiConsole console, String value) in /_/src/Spectre.Console/Extensions/AnsiConsoleExtensions.Markup.cs:line 133
   at Spectre.Console.AnsiConsole.MarkupLine(String value) in /_/src/Spectre.Console/AnsiConsole.Markup.cs:line 81
   at V1Per.Ui.MarkupLine(String markup) in C:\Users\My PC\Downloads\test\v1per-wpf\Console\Ui.cs:line 61
   at V1Per.Ui.Muted(String message) in C:\Users\My PC\Downloads\test\v1per-wpf\Console\Ui.cs:line 119
   at v1per_wpf.MainWindow.<>c__DisplayClass7_2.<.ctor>b__12() in C:\Users\My PC\Downloads\test\v1per-wpf\MainWindow.xaml.cs:line 97
   at System.Windows.Threading.ExceptionWrapper.InternalRealCall(Delegate callback, Object args, Int32 numArgs)
   at System.Windows.Threading.ExceptionWrapper.TryCatchWhen(Object source, Delegate callback, Object args, Int32 numArgs, Delegate catchHandler)

[2026-09-09 14:49:10] System.InvalidOperationException: Could not find color or style 'MTK'.
   at Spectre.Console.AnsiMarkupTagParser.Parse(String text) in /_/src/Spectre.Console.Ansi/AnsiMarkupTagParser.cs:line 10
   at Spectre.Console.AnsiMarkup.Parse(String markup, Nullable`1 style) in /_/src/Spectre.Console.Ansi/AnsiMarkup.cs:line 67
   at Spectre.Console.Markup..ctor(String text, Nullable`1 style) in /_/src/Spectre.Console/Widgets/Markup.cs:line 43
   at Spectre.Console.AnsiConsoleExtensions.Markup(IAnsiConsole console, String value) in /_/src/Spectre.Console/Extensions/AnsiConsoleExtensions.Markup.cs:line 87
   at Spectre.Console.AnsiConsoleExtensions.MarkupLine(IAnsiConsole console, String value) in /_/src/Spectre.Console/Extensions/AnsiConsoleExtensions.Markup.cs:line 133
   at Spectre.Console.AnsiConsole.MarkupLine(String value) in /_/src/Spectre.Console/AnsiConsole.Markup.cs:line 81
   at V1Per.Ui.MarkupLine(String markup) in C:\Users\My PC\Downloads\test\v1per-wpf\Console\Ui.cs:line 61
   at V1Per.Ui.Muted(String message) in C:\Users\My PC\Downloads\test\v1per-wpf\Console\Ui.cs:line 119
   at v1per_wpf.MainWindow.<>c__DisplayClass7_2.<.ctor>b__12() in C:\Users\My PC\Downloads\test\v1per-wpf\MainWindow.xaml.cs:line 97
   at System.Windows.Threading.ExceptionWrapper.InternalRealCall(Delegate callback, Object args, Int32 numArgs)
   at System.Windows.Threading.ExceptionWrapper.TryCatchWhen(Object source, Delegate callback, Object args, Int32 numArgs, Delegate catchHandler)

[2026-09-09 14:49:10] System.InvalidOperationException: Could not find color or style 'MTK'.
   at Spectre.Console.AnsiMarkupTagParser.Parse(String text) in /_/src/Spectre.Console.Ansi/AnsiMarkupTagParser.cs:line 10
   at Spectre.Console.AnsiMarkup.Parse(String markup, Nullable`1 style) in /_/src/Spectre.Console.Ansi/AnsiMarkup.cs:line 67
   at Spectre.Console.Markup..ctor(String text, Nullable`1 style) in /_/src/Spectre.Console/Widgets/Markup.cs:line 43
   at Spectre.Console.AnsiConsoleExtensions.Markup(IAnsiConsole console, String value) in /_/src/Spectre.Console/Extensions/AnsiConsoleExtensions.Markup.cs:line 87
   at Spectre.Console.AnsiConsoleExtensions.MarkupLine(IAnsiConsole console, String value) in /_/src/Spectre.Console/Extensions/AnsiConsoleExtensions.Markup.cs:line 133
   at Spectre.Console.AnsiConsole.MarkupLine(String value) in /_/src/Spectre.Console/AnsiConsole.Markup.cs:line 81
   at V1Per.Ui.MarkupLine(String markup) in C:\Users\My PC\Downloads\test\v1per-wpf\Console\Ui.cs:line 61
   at V1Per.Ui.Muted(String message) in C:\Users\My PC\Downloads\test\v1per-wpf\Console\Ui.cs:line 119
   at v1per_wpf.MainWindow.<>c__DisplayClass7_2.<.ctor>b__12() in C:\Users\My PC\Downloads\test\v1per-wpf\MainWindow.xaml.cs:line 97
   at System.Windows.Threading.ExceptionWrapper.InternalRealCall(Delegate callback, Object args, Int32 numArgs)
   at System.Windows.Threading.ExceptionWrapper.TryCatchWhen(Object source, Delegate callback, Object args, Int32 numArgs, Delegate catchHandler)

[2026-09-09 14:49:10] System.InvalidOperationException: Could not find color or style 'MTK'.
   at Spectre.Console.AnsiMarkupTagParser.Parse(String text) in /_/src/Spectre.Console.Ansi/AnsiMarkupTagParser.cs:line 10
   at Spectre.Console.AnsiMarkup.Parse(String markup, Nullable`1 style) in /_/src/Spectre.Console.Ansi/AnsiMarkup.cs:line 67
   at Spectre.Console.Markup..ctor(String text, Nullable`1 style) in /_/src/Spectre.Console/Widgets/Markup.cs:line 43
   at Spectre.Console.AnsiConsoleExtensions.Markup(IAnsiConsole console, String value) in /_/src/Spectre.Console/Extensions/AnsiConsoleExtensions.Markup.cs:line 87
   at Spectre.Console.AnsiConsoleExtensions.MarkupLine(IAnsiConsole console, String value) in /_/src/Spectre.Console/Extensions/AnsiConsoleExtensions.Markup.cs:line 133
   at Spectre.Console.AnsiConsole.MarkupLine(String value) in /_/src/Spectre.Console/AnsiConsole.Markup.cs:line 81
   at V1Per.Ui.MarkupLine(String markup) in C:\Users\My PC\Downloads\test\v1per-wpf\Console\Ui.cs:line 61
   at V1Per.Ui.Muted(String message) in C:\Users\My PC\Downloads\test\v1per-wpf\Console\Ui.cs:line 119
   at v1per_wpf.MainWindow.<>c__DisplayClass7_2.<.ctor>b__12() in C:\Users\My PC\Downloads\test\v1per-wpf\MainWindow.xaml.cs:line 97
   at System.Windows.Threading.ExceptionWrapper.InternalRealCall(Delegate callback, Object args, Int32 numArgs)
   at System.Windows.Threading.ExceptionWrapper.TryCatchWhen(Object source, Delegate callback, Object args, Int32 numArgs, Delegate catchHandler)

[2026-09-09 14:49:10] System.InvalidOperationException: Could not find color or style 'MTK'.
   at Spectre.Console.AnsiMarkupTagParser.Parse(String text) in /_/src/Spectre.Console.Ansi/AnsiMarkupTagParser.cs:line 10
   at Spectre.Console.AnsiMarkup.Parse(String markup, Nullable`1 style) in /_/src/Spectre.Console.Ansi/AnsiMarkup.cs:line 67
   at Spectre.Console.Markup..ctor(String text, Nullable`1 style) in /_/src/Spectre.Console/Widgets/Markup.cs:line 43
   at Spectre.Console.AnsiConsoleExtensions.Markup(IAnsiConsole console, String value) in /_/src/Spectre.Console/Extensions/AnsiConsoleExtensions.Markup.cs:line 87
   at Spectre.Console.AnsiConsoleExtensions.MarkupLine(IAnsiConsole console, String value) in /_/src/Spectre.Console/Extensions/AnsiConsoleExtensions.Markup.cs:line 133
   at Spectre.Console.AnsiConsole.MarkupLine(String value) in /_/src/Spectre.Console/AnsiConsole.Markup.cs:line 81
   at V1Per.Ui.MarkupLine(String markup) in C:\Users\My PC\Downloads\test\v1per-wpf\Console\Ui.cs:line 61
   at V1Per.Ui.Muted(String message) in C:\Users\My PC\Downloads\test\v1per-wpf\Console\Ui.cs:line 119
   at v1per_wpf.MainWindow.<>c__DisplayClass7_2.<.ctor>b__12() in C:\Users\My PC\Downloads\test\v1per-wpf\MainWindow.xaml.cs:line 97
   at System.Windows.Threading.ExceptionWrapper.InternalRealCall(Delegate callback, Object args, Int32 numArgs)
   at System.Windows.Threading.ExceptionWrapper.TryCatchWhen(Object source, Delegate callback, Object args, Int32 numArgs, Delegate catchHandler)

[2026-09-09 14:50:13] System.InvalidOperationException: Could not find color or style 'MTK'.
   at Spectre.Console.AnsiMarkupTagParser.Parse(String text) in /_/src/Spectre.Console.Ansi/AnsiMarkupTagParser.cs:line 10
   at Spectre.Console.AnsiMarkup.Parse(String markup, Nullable`1 style) in /_/src/Spectre.Console.Ansi/AnsiMarkup.cs:line 67
   at Spectre.Console.Markup..ctor(String text, Nullable`1 style) in /_/src/Spectre.Console/Widgets/Markup.cs:line 43
   at Spectre.Console.AnsiConsoleExtensions.Markup(IAnsiConsole console, String value) in /_/src/Spectre.Console/Extensions/AnsiConsoleExtensions.Markup.cs:line 87
   at Spectre.Console.AnsiConsoleExtensions.MarkupLine(IAnsiConsole console, String value) in /_/src/Spectre.Console/Extensions/AnsiConsoleExtensions.Markup.cs:line 133
   at Spectre.Console.AnsiConsole.MarkupLine(String value) in /_/src/Spectre.Console/AnsiConsole.Markup.cs:line 81
   at V1Per.Ui.MarkupLine(String markup) in C:\Users\My PC\Downloads\test\v1per-wpf\Console\Ui.cs:line 61
   at V1Per.Ui.Muted(String message) in C:\Users\My PC\Downloads\test\v1per-wpf\Console\Ui.cs:line 119
   at v1per_wpf.MainWindow.<>c__DisplayClass7_2.<.ctor>b__12() in C:\Users\My PC\Downloads\test\v1per-wpf\MainWindow.xaml.cs:line 97
   at System.Windows.Threading.ExceptionWrapper.InternalRealCall(Delegate callback, Object args, Int32 numArgs)
   at System.Windows.Threading.ExceptionWrapper.TryCatchWhen(Object source, Delegate callback, Object args, Int32 numArgs, Delegate catchHandler)

[2026-09-09 14:50:13] System.InvalidOperationException: Could not find color or style 'MTK'.
   at Spectre.Console.AnsiMarkupTagParser.Parse(String text) in /_/src/Spectre.Console.Ansi/AnsiMarkupTagParser.cs:line 10
   at Spectre.Console.AnsiMarkup.Parse(String markup, Nullable`1 style) in /_/src/Spectre.Console.Ansi/AnsiMarkup.cs:line 67
   at Spectre.Console.Markup..ctor(String text, Nullable`1 style) in /_/src/Spectre.Console/Widgets/Markup.cs:line 43
   at Spectre.Console.AnsiConsoleExtensions.Markup(IAnsiConsole console, String value) in /_/src/Spectre.Console/Extensions/AnsiConsoleExtensions.Markup.cs:line 87
   at Spectre.Console.AnsiConsoleExtensions.MarkupLine(IAnsiConsole console, String value) in /_/src/Spectre.Console/Extensions/AnsiConsoleExtensions.Markup.cs:line 133
   at Spectre.Console.AnsiConsole.MarkupLine(String value) in /_/src/Spectre.Console/AnsiConsole.Markup.cs:line 81
   at V1Per.Ui.MarkupLine(String markup) in C:\Users\My PC\Downloads\test\v1per-wpf\Console\Ui.cs:line 61
   at V1Per.Ui.Muted(String message) in C:\Users\My PC\Downloads\test\v1per-wpf\Console\Ui.cs:line 119
   at v1per_wpf.MainWindow.<>c__DisplayClass7_2.<.ctor>b__12() in C:\Users\My PC\Downloads\test\v1per-wpf\MainWindow.xaml.cs:line 97
   at System.Windows.Threading.ExceptionWrapper.InternalRealCall(Delegate callback, Object args, Int32 numArgs)
   at System.Windows.Threading.ExceptionWrapper.TryCatchWhen(Object source, Delegate callback, Object args, Int32 numArgs, Delegate catchHandler)

[2026-09-09 14:59:48] System.InvalidOperationException: Could not find color or style 'MTK'.
   at Spectre.Console.AnsiMarkupTagParser.Parse(String text) in /_/src/Spectre.Console.Ansi/AnsiMarkupTagParser.cs:line 10
   at Spectre.Console.AnsiMarkup.Parse(String markup, Nullable`1 style) in /_/src/Spectre.Console.Ansi/AnsiMarkup.cs:line 67
   at Spectre.Console.Markup..ctor(String text, Nullable`1 style) in /_/src/Spectre.Console/Widgets/Markup.cs:line 43
   at Spectre.Console.AnsiConsoleExtensions.Markup(IAnsiConsole console, String value) in /_/src/Spectre.Console/Extensions/AnsiConsoleExtensions.Markup.cs:line 87
   at Spectre.Console.AnsiConsoleExtensions.MarkupLine(IAnsiConsole console, String value) in /_/src/Spectre.Console/Extensions/AnsiConsoleExtensions.Markup.cs:line 133
   at Spectre.Console.AnsiConsole.MarkupLine(String value) in /_/src/Spectre.Console/AnsiConsole.Markup.cs:line 81
   at V1Per.Ui.MarkupLine(String markup) in C:\Users\My PC\Downloads\test\v1per-wpf\Console\Ui.cs:line 61
   at V1Per.Ui.Muted(String message) in C:\Users\My PC\Downloads\test\v1per-wpf\Console\Ui.cs:line 119
   at v1per_wpf.MainWindow.<>c__DisplayClass7_2.<.ctor>b__12() in C:\Users\My PC\Downloads\test\v1per-wpf\MainWindow.xaml.cs:line 97
   at System.Windows.Threading.ExceptionWrapper.InternalRealCall(Delegate callback, Object args, Int32 numArgs)
   at System.Windows.Threading.ExceptionWrapper.TryCatchWhen(Object source, Delegate callback, Object args, Int32 numArgs, Delegate catchHandler)

[2026-09-09 14:59:48] System.InvalidOperationException: Could not find color or style 'MTK'.
   at Spectre.Console.AnsiMarkupTagParser.Parse(String text) in /_/src/Spectre.Console.Ansi/AnsiMarkupTagParser.cs:line 10
   at Spectre.Console.AnsiMarkup.Parse(String markup, Nullable`1 style) in /_/src/Spectre.Console.Ansi/AnsiMarkup.cs:line 67
   at Spectre.Console.Markup..ctor(String text, Nullable`1 style) in /_/src/Spectre.Console/Widgets/Markup.cs:line 43
   at Spectre.Console.AnsiConsoleExtensions.Markup(IAnsiConsole console, String value) in /_/src/Spectre.Console/Extensions/AnsiConsoleExtensions.Markup.cs:line 87
   at Spectre.Console.AnsiConsoleExtensions.MarkupLine(IAnsiConsole console, String value) in /_/src/Spectre.Console/Extensions/AnsiConsoleExtensions.Markup.cs:line 133
   at Spectre.Console.AnsiConsole.MarkupLine(String value) in /_/src/Spectre.Console/AnsiConsole.Markup.cs:line 81
   at V1Per.Ui.MarkupLine(String markup) in C:\Users\My PC\Downloads\test\v1per-wpf\Console\Ui.cs:line 61
   at V1Per.Ui.Muted(String message) in C:\Users\My PC\Downloads\test\v1per-wpf\Console\Ui.cs:line 119
   at v1per_wpf.MainWindow.<>c__DisplayClass7_2.<.ctor>b__12() in C:\Users\My PC\Downloads\test\v1per-wpf\MainWindow.xaml.cs:line 97
   at System.Windows.Threading.ExceptionWrapper.InternalRealCall(Delegate callback, Object args, Int32 numArgs)
   at System.Windows.Threading.ExceptionWrapper.TryCatchWhen(Object source, Delegate callback, Object args, Int32 numArgs, Delegate catchHandler)

[2026-09-09 14:59:49] System.InvalidOperationException: Could not find color or style 'MTK'.
   at Spectre.Console.AnsiMarkupTagParser.Parse(String text) in /_/src/Spectre.Console.Ansi/AnsiMarkupTagParser.cs:line 10
   at Spectre.Console.AnsiMarkup.Parse(String markup, Nullable`1 style) in /_/src/Spectre.Console.Ansi/AnsiMarkup.cs:line 67
   at Spectre.Console.Markup..ctor(String text, Nullable`1 style) in /_/src/Spectre.Console/Widgets/Markup.cs:line 43
   at Spectre.Console.AnsiConsoleExtensions.Markup(IAnsiConsole console, String value) in /_/src/Spectre.Console/Extensions/AnsiConsoleExtensions.Markup.cs:line 87
   at Spectre.Console.AnsiConsoleExtensions.MarkupLine(IAnsiConsole console, String value) in /_/src/Spectre.Console/Extensions/AnsiConsoleExtensions.Markup.cs:line 133
   at Spectre.Console.AnsiConsole.MarkupLine(String value) in /_/src/Spectre.Console/AnsiConsole.Markup.cs:line 81
   at V1Per.Ui.MarkupLine(String markup) in C:\Users\My PC\Downloads\test\v1per-wpf\Console\Ui.cs:line 61
   at V1Per.Ui.Muted(String message) in C:\Users\My PC\Downloads\test\v1per-wpf\Console\Ui.cs:line 119
   at v1per_wpf.MainWindow.<>c__DisplayClass7_2.<.ctor>b__12() in C:\Users\My PC\Downloads\test\v1per-wpf\MainWindow.xaml.cs:line 97
   at System.Windows.Threading.ExceptionWrapper.InternalRealCall(Delegate callback, Object args, Int32 numArgs)
   at System.Windows.Threading.ExceptionWrapper.TryCatchWhen(Object source, Delegate callback, Object args, Int32 numArgs, Delegate catchHandler)

[2026-09-09 14:59:49] System.InvalidOperationException: Could not find color or style 'MTK'.
   at Spectre.Console.AnsiMarkupTagParser.Parse(String text) in /_/src/Spectre.Console.Ansi/AnsiMarkupTagParser.cs:line 10
   at Spectre.Console.AnsiMarkup.Parse(String markup, Nullable`1 style) in /_/src/Spectre.Console.Ansi/AnsiMarkup.cs:line 67
   at Spectre.Console.Markup..ctor(String text, Nullable`1 style) in /_/src/Spectre.Console/Widgets/Markup.cs:line 43
   at Spectre.Console.AnsiConsoleExtensions.Markup(IAnsiConsole console, String value) in /_/src/Spectre.Console/Extensions/AnsiConsoleExtensions.Markup.cs:line 87
   at Spectre.Console.AnsiConsoleExtensions.MarkupLine(IAnsiConsole console, String value) in /_/src/Spectre.Console/Extensions/AnsiConsoleExtensions.Markup.cs:line 133
   at Spectre.Console.AnsiConsole.MarkupLine(String value) in /_/src/Spectre.Console/AnsiConsole.Markup.cs:line 81
   at V1Per.Ui.MarkupLine(String markup) in C:\Users\My PC\Downloads\test\v1per-wpf\Console\Ui.cs:line 61
   at V1Per.Ui.Muted(String message) in C:\Users\My PC\Downloads\test\v1per-wpf\Console\Ui.cs:line 119
   at v1per_wpf.MainWindow.<>c__DisplayClass7_2.<.ctor>b__12() in C:\Users\My PC\Downloads\test\v1per-wpf\MainWindow.xaml.cs:line 97
   at System.Windows.Threading.ExceptionWrapper.InternalRealCall(Delegate callback, Object args, Int32 numArgs)
   at System.Windows.Threading.ExceptionWrapper.TryCatchWhen(Object source, Delegate callback, Object args, Int32 numArgs, Delegate catchHandler)

[2026-09-09 14:59:49] System.InvalidOperationException: Could not find color or style 'MTK'.
   at Spectre.Console.AnsiMarkupTagParser.Parse(String text) in /_/src/Spectre.Console.Ansi/AnsiMarkupTagParser.cs:line 10
   at Spectre.Console.AnsiMarkup.Parse(String markup, Nullable`1 style) in /_/src/Spectre.Console.Ansi/AnsiMarkup.cs:line 67
   at Spectre.Console.Markup..ctor(String text, Nullable`1 style) in /_/src/Spectre.Console/Widgets/Markup.cs:line 43
   at Spectre.Console.AnsiConsoleExtensions.Markup(IAnsiConsole console, String value) in /_/src/Spectre.Console/Extensions/AnsiConsoleExtensions.Markup.cs:line 87
   at Spectre.Console.AnsiConsoleExtensions.MarkupLine(IAnsiConsole console, String value) in /_/src/Spectre.Console/Extensions/AnsiConsoleExtensions.Markup.cs:line 133
   at Spectre.Console.AnsiConsole.MarkupLine(String value) in /_/src/Spectre.Console/AnsiConsole.Markup.cs:line 81
   at V1Per.Ui.MarkupLine(String markup) in C:\Users\My PC\Downloads\test\v1per-wpf\Console\Ui.cs:line 61
   at V1Per.Ui.Muted(String message) in C:\Users\My PC\Downloads\test\v1per-wpf\Console\Ui.cs:line 119
   at v1per_wpf.MainWindow.<>c__DisplayClass7_2.<.ctor>b__12() in C:\Users\My PC\Downloads\test\v1per-wpf\MainWindow.xaml.cs:line 97
   at System.Windows.Threading.ExceptionWrapper.InternalRealCall(Delegate callback, Object args, Int32 numArgs)
   at System.Windows.Threading.ExceptionWrapper.TryCatchWhen(Object source, Delegate callback, Object args, Int32 numArgs, Delegate catchHandler)

[2026-09-09 14:59:49] System.InvalidOperationException: Could not find color or style 'MTK'.
   at Spectre.Console.AnsiMarkupTagParser.Parse(String text) in /_/src/Spectre.Console.Ansi/AnsiMarkupTagParser.cs:line 10
   at Spectre.Console.AnsiMarkup.Parse(String markup, Nullable`1 style) in /_/src/Spectre.Console.Ansi/AnsiMarkup.cs:line 67
   at Spectre.Console.Markup..ctor(String text, Nullable`1 style) in /_/src/Spectre.Console/Widgets/Markup.cs:line 43
   at Spectre.Console.AnsiConsoleExtensions.Markup(IAnsiConsole console, String value) in /_/src/Spectre.Console/Extensions/AnsiConsoleExtensions.Markup.cs:line 87
   at Spectre.Console.AnsiConsoleExtensions.MarkupLine(IAnsiConsole console, String value) in /_/src/Spectre.Console/Extensions/AnsiConsoleExtensions.Markup.cs:line 133
   at Spectre.Console.AnsiConsole.MarkupLine(String value) in /_/src/Spectre.Console/AnsiConsole.Markup.cs:line 81
   at V1Per.Ui.MarkupLine(String markup) in C:\Users\My PC\Downloads\test\v1per-wpf\Console\Ui.cs:line 61
   at V1Per.Ui.Muted(String message) in C:\Users\My PC\Downloads\test\v1per-wpf\Console\Ui.cs:line 119
   at v1per_wpf.MainWindow.<>c__DisplayClass7_2.<.ctor>b__12() in C:\Users\My PC\Downloads\test\v1per-wpf\MainWindow.xaml.cs:line 97
   at System.Windows.Threading.ExceptionWrapper.InternalRealCall(Delegate callback, Object args, Int32 numArgs)
   at System.Windows.Threading.ExceptionWrapper.TryCatchWhen(Object source, Delegate callback, Object args, Int32 numArgs, Delegate catchHandler)

[2026-09-09 15:15:40] System.InvalidOperationException: Could not find color or style 'MTK'.
   at Spectre.Console.AnsiMarkupTagParser.Parse(String text) in /_/src/Spectre.Console.Ansi/AnsiMarkupTagParser.cs:line 10
   at Spectre.Console.AnsiMarkup.Parse(String markup, Nullable`1 style) in /_/src/Spectre.Console.Ansi/AnsiMarkup.cs:line 67
   at Spectre.Console.Markup..ctor(String text, Nullable`1 style) in /_/src/Spectre.Console/Widgets/Markup.cs:line 43
   at Spectre.Console.AnsiConsoleExtensions.Markup(IAnsiConsole console, String value) in /_/src/Spectre.Console/Extensions/AnsiConsoleExtensions.Markup.cs:line 87
   at Spectre.Console.AnsiConsoleExtensions.MarkupLine(IAnsiConsole console, String value) in /_/src/Spectre.Console/Extensions/AnsiConsoleExtensions.Markup.cs:line 133
   at Spectre.Console.AnsiConsole.MarkupLine(String value) in /_/src/Spectre.Console/AnsiConsole.Markup.cs:line 81
   at V1Per.Ui.MarkupLine(String markup) in C:\Users\My PC\Downloads\test\v1per-wpf\Console\Ui.cs:line 61
   at V1Per.Ui.Muted(String message) in C:\Users\My PC\Downloads\test\v1per-wpf\Console\Ui.cs:line 119
   at v1per_wpf.MainWindow.<>c__DisplayClass7_2.<.ctor>b__12() in C:\Users\My PC\Downloads\test\v1per-wpf\MainWindow.xaml.cs:line 97
   at System.Windows.Threading.ExceptionWrapper.InternalRealCall(Delegate callback, Object args, Int32 numArgs)
   at System.Windows.Threading.ExceptionWrapper.TryCatchWhen(Object source, Delegate callback, Object args, Int32 numArgs, Delegate catchHandler)

[2026-09-09 15:15:43] System.InvalidOperationException: Could not find color or style 'MTK'.
   at Spectre.Console.AnsiMarkupTagParser.Parse(String text) in /_/src/Spectre.Console.Ansi/AnsiMarkupTagParser.cs:line 10
   at Spectre.Console.AnsiMarkup.Parse(String markup, Nullable`1 style) in /_/src/Spectre.Console.Ansi/AnsiMarkup.cs:line 67
   at Spectre.Console.Markup..ctor(String text, Nullable`1 style) in /_/src/Spectre.Console/Widgets/Markup.cs:line 43
   at Spectre.Console.AnsiConsoleExtensions.Markup(IAnsiConsole console, String value) in /_/src/Spectre.Console/Extensions/AnsiConsoleExtensions.Markup.cs:line 87
   at Spectre.Console.AnsiConsoleExtensions.MarkupLine(IAnsiConsole console, String value) in /_/src/Spectre.Console/Extensions/AnsiConsoleExtensions.Markup.cs:line 133
   at Spectre.Console.AnsiConsole.MarkupLine(String value) in /_/src/Spectre.Console/AnsiConsole.Markup.cs:line 81
   at V1Per.Ui.MarkupLine(String markup) in C:\Users\My PC\Downloads\test\v1per-wpf\Console\Ui.cs:line 61
   at V1Per.Ui.Muted(String message) in C:\Users\My PC\Downloads\test\v1per-wpf\Console\Ui.cs:line 119
   at v1per_wpf.MainWindow.<>c__DisplayClass7_2.<.ctor>b__12() in C:\Users\My PC\Downloads\test\v1per-wpf\MainWindow.xaml.cs:line 97
   at System.Windows.Threading.ExceptionWrapper.InternalRealCall(Delegate callback, Object args, Int32 numArgs)
   at System.Windows.Threading.ExceptionWrapper.TryCatchWhen(Object source, Delegate callback, Object args, Int32 numArgs, Delegate catchHandler)

[2026-09-09 15:15:47] System.InvalidOperationException: Could not find color or style 'MTK'.
   at Spectre.Console.AnsiMarkupTagParser.Parse(String text) in /_/src/Spectre.Console.Ansi/AnsiMarkupTagParser.cs:line 10
   at Spectre.Console.AnsiMarkup.Parse(String markup, Nullable`1 style) in /_/src/Spectre.Console.Ansi/AnsiMarkup.cs:line 67
   at Spectre.Console.Markup..ctor(String text, Nullable`1 style) in /_/src/Spectre.Console/Widgets/Markup.cs:line 43
   at Spectre.Console.AnsiConsoleExtensions.Markup(IAnsiConsole console, String value) in /_/src/Spectre.Console/Extensions/AnsiConsoleExtensions.Markup.cs:line 87
   at Spectre.Console.AnsiConsoleExtensions.MarkupLine(IAnsiConsole console, String value) in /_/src/Spectre.Console/Extensions/AnsiConsoleExtensions.Markup.cs:line 133
   at Spectre.Console.AnsiConsole.MarkupLine(String value) in /_/src/Spectre.Console/AnsiConsole.Markup.cs:line 81
   at V1Per.Ui.MarkupLine(String markup) in C:\Users\My PC\Downloads\test\v1per-wpf\Console\Ui.cs:line 61
   at V1Per.Ui.Muted(String message) in C:\Users\My PC\Downloads\test\v1per-wpf\Console\Ui.cs:line 119
   at v1per_wpf.MainWindow.<>c__DisplayClass7_2.<.ctor>b__12() in C:\Users\My PC\Downloads\test\v1per-wpf\MainWindow.xaml.cs:line 97
   at System.Windows.Threading.ExceptionWrapper.InternalRealCall(Delegate callback, Object args, Int32 numArgs)
   at System.Windows.Threading.ExceptionWrapper.TryCatchWhen(Object source, Delegate callback, Object args, Int32 numArgs, Delegate catchHandler)

[2026-09-09 15:15:47] System.InvalidOperationException: Could not find color or style 'MTK'.
   at Spectre.Console.AnsiMarkupTagParser.Parse(String text) in /_/src/Spectre.Console.Ansi/AnsiMarkupTagParser.cs:line 10
   at Spectre.Console.AnsiMarkup.Parse(String markup, Nullable`1 style) in /_/src/Spectre.Console.Ansi/AnsiMarkup.cs:line 67
   at Spectre.Console.Markup..ctor(String text, Nullable`1 style) in /_/src/Spectre.Console/Widgets/Markup.cs:line 43
   at Spectre.Console.AnsiConsoleExtensions.Markup(IAnsiConsole console, String value) in /_/src/Spectre.Console/Extensions/AnsiConsoleExtensions.Markup.cs:line 87
   at Spectre.Console.AnsiConsoleExtensions.MarkupLine(IAnsiConsole console, String value) in /_/src/Spectre.Console/Extensions/AnsiConsoleExtensions.Markup.cs:line 133
   at Spectre.Console.AnsiConsole.MarkupLine(String value) in /_/src/Spectre.Console/AnsiConsole.Markup.cs:line 81
   at V1Per.Ui.MarkupLine(String markup) in C:\Users\My PC\Downloads\test\v1per-wpf\Console\Ui.cs:line 61
   at V1Per.Ui.Muted(String message) in C:\Users\My PC\Downloads\test\v1per-wpf\Console\Ui.cs:line 119
   at v1per_wpf.MainWindow.<>c__DisplayClass7_2.<.ctor>b__12() in C:\Users\My PC\Downloads\test\v1per-wpf\MainWindow.xaml.cs:line 97
   at System.Windows.Threading.ExceptionWrapper.InternalRealCall(Delegate callback, Object args, Int32 numArgs)
   at System.Windows.Threading.ExceptionWrapper.TryCatchWhen(Object source, Delegate callback, Object args, Int32 numArgs, Delegate catchHandler)

[2026-09-09 15:15:47] System.InvalidOperationException: Could not find color or style 'MTK'.
   at Spectre.Console.AnsiMarkupTagParser.Parse(String text) in /_/src/Spectre.Console.Ansi/AnsiMarkupTagParser.cs:line 10
   at Spectre.Console.AnsiMarkup.Parse(String markup, Nullable`1 style) in /_/src/Spectre.Console.Ansi/AnsiMarkup.cs:line 67
   at Spectre.Console.Markup..ctor(String text, Nullable`1 style) in /_/src/Spectre.Console/Widgets/Markup.cs:line 43
   at Spectre.Console.AnsiConsoleExtensions.Markup(IAnsiConsole console, String value) in /_/src/Spectre.Console/Extensions/AnsiConsoleExtensions.Markup.cs:line 87
   at Spectre.Console.AnsiConsoleExtensions.MarkupLine(IAnsiConsole console, String value) in /_/src/Spectre.Console/Extensions/AnsiConsoleExtensions.Markup.cs:line 133
   at Spectre.Console.AnsiConsole.MarkupLine(String value) in /_/src/Spectre.Console/AnsiConsole.Markup.cs:line 81
   at V1Per.Ui.MarkupLine(String markup) in C:\Users\My PC\Downloads\test\v1per-wpf\Console\Ui.cs:line 61
   at V1Per.Ui.Muted(String message) in C:\Users\My PC\Downloads\test\v1per-wpf\Console\Ui.cs:line 119
   at v1per_wpf.MainWindow.<>c__DisplayClass7_2.<.ctor>b__12() in C:\Users\My PC\Downloads\test\v1per-wpf\MainWindow.xaml.cs:line 97
   at System.Windows.Threading.ExceptionWrapper.InternalRealCall(Delegate callback, Object args, Int32 numArgs)
   at System.Windows.Threading.ExceptionWrapper.TryCatchWhen(Object source, Delegate callback, Object args, Int32 numArgs, Delegate catchHandler)

[2026-09-09 15:15:47] System.InvalidOperationException: Could not find color or style 'MTK'.
   at Spectre.Console.AnsiMarkupTagParser.Parse(String text) in /_/src/Spectre.Console.Ansi/AnsiMarkupTagParser.cs:line 10
   at Spectre.Console.AnsiMarkup.Parse(String markup, Nullable`1 style) in /_/src/Spectre.Console.Ansi/AnsiMarkup.cs:line 67
   at Spectre.Console.Markup..ctor(String text, Nullable`1 style) in /_/src/Spectre.Console/Widgets/Markup.cs:line 43
   at Spectre.Console.AnsiConsoleExtensions.Markup(IAnsiConsole console, String value) in /_/src/Spectre.Console/Extensions/AnsiConsoleExtensions.Markup.cs:line 87
   at Spectre.Console.AnsiConsoleExtensions.MarkupLine(IAnsiConsole console, String value) in /_/src/Spectre.Console/Extensions/AnsiConsoleExtensions.Markup.cs:line 133
   at Spectre.Console.AnsiConsole.MarkupLine(String value) in /_/src/Spectre.Console/AnsiConsole.Markup.cs:line 81
   at V1Per.Ui.MarkupLine(String markup) in C:\Users\My PC\Downloads\test\v1per-wpf\Console\Ui.cs:line 61
   at V1Per.Ui.Muted(String message) in C:\Users\My PC\Downloads\test\v1per-wpf\Console\Ui.cs:line 119
   at v1per_wpf.MainWindow.<>c__DisplayClass7_2.<.ctor>b__12() in C:\Users\My PC\Downloads\test\v1per-wpf\MainWindow.xaml.cs:line 97
   at System.Windows.Threading.ExceptionWrapper.InternalRealCall(Delegate callback, Object args, Int32 numArgs)
   at System.Windows.Threading.ExceptionWrapper.TryCatchWhen(Object source, Delegate callback, Object args, Int32 numArgs, Delegate catchHandler)

[2026-09-09 15:15:47] System.InvalidOperationException: Could not find color or style 'MTK'.
   at Spectre.Console.AnsiMarkupTagParser.Parse(String text) in /_/src/Spectre.Console.Ansi/AnsiMarkupTagParser.cs:line 10
   at Spectre.Console.AnsiMarkup.Parse(String markup, Nullable`1 style) in /_/src/Spectre.Console.Ansi/AnsiMarkup.cs:line 67
   at Spectre.Console.Markup..ctor(String text, Nullable`1 style) in /_/src/Spectre.Console/Widgets/Markup.cs:line 43
   at Spectre.Console.AnsiConsoleExtensions.Markup(IAnsiConsole console, String value) in /_/src/Spectre.Console/Extensions/AnsiConsoleExtensions.Markup.cs:line 87
   at Spectre.Console.AnsiConsoleExtensions.MarkupLine(IAnsiConsole console, String value) in /_/src/Spectre.Console/Extensions/AnsiConsoleExtensions.Markup.cs:line 133
   at Spectre.Console.AnsiConsole.MarkupLine(String value) in /_/src/Spectre.Console/AnsiConsole.Markup.cs:line 81
   at V1Per.Ui.MarkupLine(String markup) in C:\Users\My PC\Downloads\test\v1per-wpf\Console\Ui.cs:line 61
   at V1Per.Ui.Muted(String message) in C:\Users\My PC\Downloads\test\v1per-wpf\Console\Ui.cs:line 119
   at v1per_wpf.MainWindow.<>c__DisplayClass7_2.<.ctor>b__12() in C:\Users\My PC\Downloads\test\v1per-wpf\MainWindow.xaml.cs:line 97
   at System.Windows.Threading.ExceptionWrapper.InternalRealCall(Delegate callback, Object args, Int32 numArgs)
   at System.Windows.Threading.ExceptionWrapper.TryCatchWhen(Object source, Delegate callback, Object args, Int32 numArgs, Delegate catchHandler)

[2026-09-09 15:15:47] System.InvalidOperationException: Could not find color or style 'MTK'.
   at Spectre.Console.AnsiMarkupTagParser.Parse(String text) in /_/src/Spectre.Console.Ansi/AnsiMarkupTagParser.cs:line 10
   at Spectre.Console.AnsiMarkup.Parse(String markup, Nullable`1 style) in /_/src/Spectre.Console.Ansi/AnsiMarkup.cs:line 67
   at Spectre.Console.Markup..ctor(String text, Nullable`1 style) in /_/src/Spectre.Console/Widgets/Markup.cs:line 43
   at Spectre.Console.AnsiConsoleExtensions.Markup(IAnsiConsole console, String value) in /_/src/Spectre.Console/Extensions/AnsiConsoleExtensions.Markup.cs:line 87
   at Spectre.Console.AnsiConsoleExtensions.MarkupLine(IAnsiConsole console, String value) in /_/src/Spectre.Console/Extensions/AnsiConsoleExtensions.Markup.cs:line 133
   at Spectre.Console.AnsiConsole.MarkupLine(String value) in /_/src/Spectre.Console/AnsiConsole.Markup.cs:line 81
   at V1Per.Ui.MarkupLine(String markup) in C:\Users\My PC\Downloads\test\v1per-wpf\Console\Ui.cs:line 61
   at V1Per.Ui.Muted(String message) in C:\Users\My PC\Downloads\test\v1per-wpf\Console\Ui.cs:line 119
   at v1per_wpf.MainWindow.<>c__DisplayClass7_2.<.ctor>b__12() in C:\Users\My PC\Downloads\test\v1per-wpf\MainWindow.xaml.cs:line 97
   at System.Windows.Threading.ExceptionWrapper.InternalRealCall(Delegate callback, Object args, Int32 numArgs)
   at System.Windows.Threading.ExceptionWrapper.TryCatchWhen(Object source, Delegate callback, Object args, Int32 numArgs, Delegate catchHandler)

[2026-09-09 15:16:00] System.InvalidOperationException: Could not find color or style 'MTK'.
   at Spectre.Console.AnsiMarkupTagParser.Parse(String text) in /_/src/Spectre.Console.Ansi/AnsiMarkupTagParser.cs:line 10
   at Spectre.Console.AnsiMarkup.Parse(String markup, Nullable`1 style) in /_/src/Spectre.Console.Ansi/AnsiMarkup.cs:line 67
   at Spectre.Console.Markup..ctor(String text, Nullable`1 style) in /_/src/Spectre.Console/Widgets/Markup.cs:line 43
   at Spectre.Console.AnsiConsoleExtensions.Markup(IAnsiConsole console, String value) in /_/src/Spectre.Console/Extensions/AnsiConsoleExtensions.Markup.cs:line 87
   at Spectre.Console.AnsiConsoleExtensions.MarkupLine(IAnsiConsole console, String value) in /_/src/Spectre.Console/Extensions/AnsiConsoleExtensions.Markup.cs:line 133
   at Spectre.Console.AnsiConsole.MarkupLine(String value) in /_/src/Spectre.Console/AnsiConsole.Markup.cs:line 81
   at V1Per.Ui.MarkupLine(String markup) in C:\Users\My PC\Downloads\test\v1per-wpf\Console\Ui.cs:line 61
   at V1Per.Ui.Muted(String message) in C:\Users\My PC\Downloads\test\v1per-wpf\Console\Ui.cs:line 119
   at v1per_wpf.MainWindow.<>c__DisplayClass7_2.<.ctor>b__12() in C:\Users\My PC\Downloads\test\v1per-wpf\MainWindow.xaml.cs:line 97
   at System.Windows.Threading.ExceptionWrapper.InternalRealCall(Delegate callback, Object args, Int32 numArgs)
   at System.Windows.Threading.ExceptionWrapper.TryCatchWhen(Object source, Delegate callback, Object args, Int32 numArgs, Delegate catchHandler)

[2026-09-09 15:16:00] System.InvalidOperationException: Could not find color or style 'MTK'.
   at Spectre.Console.AnsiMarkupTagParser.Parse(String text) in /_/src/Spectre.Console.Ansi/AnsiMarkupTagParser.cs:line 10
   at Spectre.Console.AnsiMarkup.Parse(String markup, Nullable`1 style) in /_/src/Spectre.Console.Ansi/AnsiMarkup.cs:line 67
   at Spectre.Console.Markup..ctor(String text, Nullable`1 style) in /_/src/Spectre.Console/Widgets/Markup.cs:line 43
   at Spectre.Console.AnsiConsoleExtensions.Markup(IAnsiConsole console, String value) in /_/src/Spectre.Console/Extensions/AnsiConsoleExtensions.Markup.cs:line 87
   at Spectre.Console.AnsiConsoleExtensions.MarkupLine(IAnsiConsole console, String value) in /_/src/Spectre.Console/Extensions/AnsiConsoleExtensions.Markup.cs:line 133
   at Spectre.Console.AnsiConsole.MarkupLine(String value) in /_/src/Spectre.Console/AnsiConsole.Markup.cs:line 81
   at V1Per.Ui.MarkupLine(String markup) in C:\Users\My PC\Downloads\test\v1per-wpf\Console\Ui.cs:line 61
   at V1Per.Ui.Muted(String message) in C:\Users\My PC\Downloads\test\v1per-wpf\Console\Ui.cs:line 119
   at v1per_wpf.MainWindow.<>c__DisplayClass7_2.<.ctor>b__12() in C:\Users\My PC\Downloads\test\v1per-wpf\MainWindow.xaml.cs:line 97
   at System.Windows.Threading.ExceptionWrapper.InternalRealCall(Delegate callback, Object args, Int32 numArgs)
   at System.Windows.Threading.ExceptionWrapper.TryCatchWhen(Object source, Delegate callback, Object args, Int32 numArgs, Delegate catchHandler)

[2026-09-09 15:16:00] System.InvalidOperationException: Could not find color or style 'MTK'.
   at Spectre.Console.AnsiMarkupTagParser.Parse(String text) in /_/src/Spectre.Console.Ansi/AnsiMarkupTagParser.cs:line 10
   at Spectre.Console.AnsiMarkup.Parse(String markup, Nullable`1 style) in /_/src/Spectre.Console.Ansi/AnsiMarkup.cs:line 67
   at Spectre.Console.Markup..ctor(String text, Nullable`1 style) in /_/src/Spectre.Console/Widgets/Markup.cs:line 43
   at Spectre.Console.AnsiConsoleExtensions.Markup(IAnsiConsole console, String value) in /_/src/Spectre.Console/Extensions/AnsiConsoleExtensions.Markup.cs:line 87
   at Spectre.Console.AnsiConsoleExtensions.MarkupLine(IAnsiConsole console, String value) in /_/src/Spectre.Console/Extensions/AnsiConsoleExtensions.Markup.cs:line 133
   at Spectre.Console.AnsiConsole.MarkupLine(String value) in /_/src/Spectre.Console/AnsiConsole.Markup.cs:line 81
   at V1Per.Ui.MarkupLine(String markup) in C:\Users\My PC\Downloads\test\v1per-wpf\Console\Ui.cs:line 61
   at V1Per.Ui.Muted(String message) in C:\Users\My PC\Downloads\test\v1per-wpf\Console\Ui.cs:line 119
   at v1per_wpf.MainWindow.<>c__DisplayClass7_2.<.ctor>b__12() in C:\Users\My PC\Downloads\test\v1per-wpf\MainWindow.xaml.cs:line 97
   at System.Windows.Threading.ExceptionWrapper.InternalRealCall(Delegate callback, Object args, Int32 numArgs)
   at System.Windows.Threading.ExceptionWrapper.TryCatchWhen(Object source, Delegate callback, Object args, Int32 numArgs, Delegate catchHandler)

[2026-09-09 15:16:00] System.InvalidOperationException: Could not find color or style 'MTK'.
   at Spectre.Console.AnsiMarkupTagParser.Parse(String text) in /_/src/Spectre.Console.Ansi/AnsiMarkupTagParser.cs:line 10
   at Spectre.Console.AnsiMarkup.Parse(String markup, Nullable`1 style) in /_/src/Spectre.Console.Ansi/AnsiMarkup.cs:line 67
   at Spectre.Console.Markup..ctor(String text, Nullable`1 style) in /_/src/Spectre.Console/Widgets/Markup.cs:line 43
   at Spectre.Console.AnsiConsoleExtensions.Markup(IAnsiConsole console, String value) in /_/src/Spectre.Console/Extensions/AnsiConsoleExtensions.Markup.cs:line 87
   at Spectre.Console.AnsiConsoleExtensions.MarkupLine(IAnsiConsole console, String value) in /_/src/Spectre.Console/Extensions/AnsiConsoleExtensions.Markup.cs:line 133
   at Spectre.Console.AnsiConsole.MarkupLine(String value) in /_/src/Spectre.Console/AnsiConsole.Markup.cs:line 81
   at V1Per.Ui.MarkupLine(String markup) in C:\Users\My PC\Downloads\test\v1per-wpf\Console\Ui.cs:line 61
   at V1Per.Ui.Muted(String message) in C:\Users\My PC\Downloads\test\v1per-wpf\Console\Ui.cs:line 119
   at v1per_wpf.MainWindow.<>c__DisplayClass7_2.<.ctor>b__12() in C:\Users\My PC\Downloads\test\v1per-wpf\MainWindow.xaml.cs:line 97
   at System.Windows.Threading.ExceptionWrapper.InternalRealCall(Delegate callback, Object args, Int32 numArgs)
   at System.Windows.Threading.ExceptionWrapper.TryCatchWhen(Object source, Delegate callback, Object args, Int32 numArgs, Delegate catchHandler)

[2026-09-09 15:16:00] System.InvalidOperationException: Could not find color or style 'MTK'.
   at Spectre.Console.AnsiMarkupTagParser.Parse(String text) in /_/src/Spectre.Console.Ansi/AnsiMarkupTagParser.cs:line 10
   at Spectre.Console.AnsiMarkup.Parse(String markup, Nullable`1 style) in /_/src/Spectre.Console.Ansi/AnsiMarkup.cs:line 67
   at Spectre.Console.Markup..ctor(String text, Nullable`1 style) in /_/src/Spectre.Console/Widgets/Markup.cs:line 43
   at Spectre.Console.AnsiConsoleExtensions.Markup(IAnsiConsole console, String value) in /_/src/Spectre.Console/Extensions/AnsiConsoleExtensions.Markup.cs:line 87
   at Spectre.Console.AnsiConsoleExtensions.MarkupLine(IAnsiConsole console, String value) in /_/src/Spectre.Console/Extensions/AnsiConsoleExtensions.Markup.cs:line 133
   at Spectre.Console.AnsiConsole.MarkupLine(String value) in /_/src/Spectre.Console/AnsiConsole.Markup.cs:line 81
   at V1Per.Ui.MarkupLine(String markup) in C:\Users\My PC\Downloads\test\v1per-wpf\Console\Ui.cs:line 61
   at V1Per.Ui.Muted(String message) in C:\Users\My PC\Downloads\test\v1per-wpf\Console\Ui.cs:line 119
   at v1per_wpf.MainWindow.<>c__DisplayClass7_2.<.ctor>b__12() in C:\Users\My PC\Downloads\test\v1per-wpf\MainWindow.xaml.cs:line 97
   at System.Windows.Threading.ExceptionWrapper.InternalRealCall(Delegate callback, Object args, Int32 numArgs)
   at System.Windows.Threading.ExceptionWrapper.TryCatchWhen(Object source, Delegate callback, Object args, Int32 numArgs, Delegate catchHandler)

[2026-09-09 15:16:00] System.InvalidOperationException: Could not find color or style 'MTK'.
   at Spectre.Console.AnsiMarkupTagParser.Parse(String text) in /_/src/Spectre.Console.Ansi/AnsiMarkupTagParser.cs:line 10
   at Spectre.Console.AnsiMarkup.Parse(String markup, Nullable`1 style) in /_/src/Spectre.Console.Ansi/AnsiMarkup.cs:line 67
   at Spectre.Console.Markup..ctor(String text, Nullable`1 style) in /_/src/Spectre.Console/Widgets/Markup.cs:line 43
   at Spectre.Console.AnsiConsoleExtensions.Markup(IAnsiConsole console, String value) in /_/src/Spectre.Console/Extensions/AnsiConsoleExtensions.Markup.cs:line 87
   at Spectre.Console.AnsiConsoleExtensions.MarkupLine(IAnsiConsole console, String value) in /_/src/Spectre.Console/Extensions/AnsiConsoleExtensions.Markup.cs:line 133
   at Spectre.Console.AnsiConsole.MarkupLine(String value) in /_/src/Spectre.Console/AnsiConsole.Markup.cs:line 81
   at V1Per.Ui.MarkupLine(String markup) in C:\Users\My PC\Downloads\test\v1per-wpf\Console\Ui.cs:line 61
   at V1Per.Ui.Muted(String message) in C:\Users\My PC\Downloads\test\v1per-wpf\Console\Ui.cs:line 119
   at v1per_wpf.MainWindow.<>c__DisplayClass7_2.<.ctor>b__12() in C:\Users\My PC\Downloads\test\v1per-wpf\MainWindow.xaml.cs:line 97
   at System.Windows.Threading.ExceptionWrapper.InternalRealCall(Delegate callback, Object args, Int32 numArgs)
   at System.Windows.Threading.ExceptionWrapper.TryCatchWhen(Object source, Delegate callback, Object args, Int32 numArgs, Delegate catchHandler)

[2026-09-09 15:16:06] System.InvalidOperationException: Could not find color or style 'MTK'.
   at Spectre.Console.AnsiMarkupTagParser.Parse(String text) in /_/src/Spectre.Console.Ansi/AnsiMarkupTagParser.cs:line 10
   at Spectre.Console.AnsiMarkup.Parse(String markup, Nullable`1 style) in /_/src/Spectre.Console.Ansi/AnsiMarkup.cs:line 67
   at Spectre.Console.Markup..ctor(String text, Nullable`1 style) in /_/src/Spectre.Console/Widgets/Markup.cs:line 43
   at Spectre.Console.AnsiConsoleExtensions.Markup(IAnsiConsole console, String value) in /_/src/Spectre.Console/Extensions/AnsiConsoleExtensions.Markup.cs:line 87
   at Spectre.Console.AnsiConsoleExtensions.MarkupLine(IAnsiConsole console, String value) in /_/src/Spectre.Console/Extensions/AnsiConsoleExtensions.Markup.cs:line 133
   at Spectre.Console.AnsiConsole.MarkupLine(String value) in /_/src/Spectre.Console/AnsiConsole.Markup.cs:line 81
   at V1Per.Ui.MarkupLine(String markup) in C:\Users\My PC\Downloads\test\v1per-wpf\Console\Ui.cs:line 61
   at V1Per.Ui.Muted(String message) in C:\Users\My PC\Downloads\test\v1per-wpf\Console\Ui.cs:line 119
   at v1per_wpf.MainWindow.<>c__DisplayClass7_2.<.ctor>b__12() in C:\Users\My PC\Downloads\test\v1per-wpf\MainWindow.xaml.cs:line 97
   at System.Windows.Threading.ExceptionWrapper.InternalRealCall(Delegate callback, Object args, Int32 numArgs)
   at System.Windows.Threading.ExceptionWrapper.TryCatchWhen(Object source, Delegate callback, Object args, Int32 numArgs, Delegate catchHandler)

[2026-09-09 15:16:06] System.InvalidOperationException: Could not find color or style 'MTK'.
   at Spectre.Console.AnsiMarkupTagParser.Parse(String text) in /_/src/Spectre.Console.Ansi/AnsiMarkupTagParser.cs:line 10
   at Spectre.Console.AnsiMarkup.Parse(String markup, Nullable`1 style) in /_/src/Spectre.Console.Ansi/AnsiMarkup.cs:line 67
   at Spectre.Console.Markup..ctor(String text, Nullable`1 style) in /_/src/Spectre.Console/Widgets/Markup.cs:line 43
   at Spectre.Console.AnsiConsoleExtensions.Markup(IAnsiConsole console, String value) in /_/src/Spectre.Console/Extensions/AnsiConsoleExtensions.Markup.cs:line 87
   at Spectre.Console.AnsiConsoleExtensions.MarkupLine(IAnsiConsole console, String value) in /_/src/Spectre.Console/Extensions/AnsiConsoleExtensions.Markup.cs:line 133
   at Spectre.Console.AnsiConsole.MarkupLine(String value) in /_/src/Spectre.Console/AnsiConsole.Markup.cs:line 81
   at V1Per.Ui.MarkupLine(String markup) in C:\Users\My PC\Downloads\test\v1per-wpf\Console\Ui.cs:line 61
   at V1Per.Ui.Muted(String message) in C:\Users\My PC\Downloads\test\v1per-wpf\Console\Ui.cs:line 119
   at v1per_wpf.MainWindow.<>c__DisplayClass7_2.<.ctor>b__12() in C:\Users\My PC\Downloads\test\v1per-wpf\MainWindow.xaml.cs:line 97
   at System.Windows.Threading.ExceptionWrapper.InternalRealCall(Delegate callback, Object args, Int32 numArgs)
   at System.Windows.Threading.ExceptionWrapper.TryCatchWhen(Object source, Delegate callback, Object args, Int32 numArgs, Delegate catchHandler)

[2026-09-09 15:16:06] System.InvalidOperationException: Could not find color or style 'MTK'.
   at Spectre.Console.AnsiMarkupTagParser.Parse(String text) in /_/src/Spectre.Console.Ansi/AnsiMarkupTagParser.cs:line 10
   at Spectre.Console.AnsiMarkup.Parse(String markup, Nullable`1 style) in /_/src/Spectre.Console.Ansi/AnsiMarkup.cs:line 67
   at Spectre.Console.Markup..ctor(String text, Nullable`1 style) in /_/src/Spectre.Console/Widgets/Markup.cs:line 43
   at Spectre.Console.AnsiConsoleExtensions.Markup(IAnsiConsole console, String value) in /_/src/Spectre.Console/Extensions/AnsiConsoleExtensions.Markup.cs:line 87
   at Spectre.Console.AnsiConsoleExtensions.MarkupLine(IAnsiConsole console, String value) in /_/src/Spectre.Console/Extensions/AnsiConsoleExtensions.Markup.cs:line 133
   at Spectre.Console.AnsiConsole.MarkupLine(String value) in /_/src/Spectre.Console/AnsiConsole.Markup.cs:line 81
   at V1Per.Ui.MarkupLine(String markup) in C:\Users\My PC\Downloads\test\v1per-wpf\Console\Ui.cs:line 61
   at V1Per.Ui.Muted(String message) in C:\Users\My PC\Downloads\test\v1per-wpf\Console\Ui.cs:line 119
   at v1per_wpf.MainWindow.<>c__DisplayClass7_2.<.ctor>b__12() in C:\Users\My PC\Downloads\test\v1per-wpf\MainWindow.xaml.cs:line 97
   at System.Windows.Threading.ExceptionWrapper.InternalRealCall(Delegate callback, Object args, Int32 numArgs)
   at System.Windows.Threading.ExceptionWrapper.TryCatchWhen(Object source, Delegate callback, Object args, Int32 numArgs, Delegate catchHandler)

[2026-09-09 15:16:06] System.InvalidOperationException: Could not find color or style 'MTK'.
   at Spectre.Console.AnsiMarkupTagParser.Parse(String text) in /_/src/Spectre.Console.Ansi/AnsiMarkupTagParser.cs:line 10
   at Spectre.Console.AnsiMarkup.Parse(String markup, Nullable`1 style) in /_/src/Spectre.Console.Ansi/AnsiMarkup.cs:line 67
   at Spectre.Console.Markup..ctor(String text, Nullable`1 style) in /_/src/Spectre.Console/Widgets/Markup.cs:line 43
   at Spectre.Console.AnsiConsoleExtensions.Markup(IAnsiConsole console, String value) in /_/src/Spectre.Console/Extensions/AnsiConsoleExtensions.Markup.cs:line 87
   at Spectre.Console.AnsiConsoleExtensions.MarkupLine(IAnsiConsole console, String value) in /_/src/Spectre.Console/Extensions/AnsiConsoleExtensions.Markup.cs:line 133
   at Spectre.Console.AnsiConsole.MarkupLine(String value) in /_/src/Spectre.Console/AnsiConsole.Markup.cs:line 81
   at V1Per.Ui.MarkupLine(String markup) in C:\Users\My PC\Downloads\test\v1per-wpf\Console\Ui.cs:line 61
   at V1Per.Ui.Muted(String message) in C:\Users\My PC\Downloads\test\v1per-wpf\Console\Ui.cs:line 119
   at v1per_wpf.MainWindow.<>c__DisplayClass7_2.<.ctor>b__12() in C:\Users\My PC\Downloads\test\v1per-wpf\MainWindow.xaml.cs:line 97
   at System.Windows.Threading.ExceptionWrapper.InternalRealCall(Delegate callback, Object args, Int32 numArgs)
   at System.Windows.Threading.ExceptionWrapper.TryCatchWhen(Object source, Delegate callback, Object args, Int32 numArgs, Delegate catchHandler)

[2026-09-09 15:16:24] System.InvalidOperationException: Could not find color or style 'MTK'.
   at Spectre.Console.AnsiMarkupTagParser.Parse(String text) in /_/src/Spectre.Console.Ansi/AnsiMarkupTagParser.cs:line 10
   at Spectre.Console.AnsiMarkup.Parse(String markup, Nullable`1 style) in /_/src/Spectre.Console.Ansi/AnsiMarkup.cs:line 67
   at Spectre.Console.Markup..ctor(String text, Nullable`1 style) in /_/src/Spectre.Console/Widgets/Markup.cs:line 43
   at Spectre.Console.AnsiConsoleExtensions.Markup(IAnsiConsole console, String value) in /_/src/Spectre.Console/Extensions/AnsiConsoleExtensions.Markup.cs:line 87
   at Spectre.Console.AnsiConsoleExtensions.MarkupLine(IAnsiConsole console, String value) in /_/src/Spectre.Console/Extensions/AnsiConsoleExtensions.Markup.cs:line 133
   at Spectre.Console.AnsiConsole.MarkupLine(String value) in /_/src/Spectre.Console/AnsiConsole.Markup.cs:line 81
   at V1Per.Ui.MarkupLine(String markup) in C:\Users\My PC\Downloads\test\v1per-wpf\Console\Ui.cs:line 61
   at V1Per.Ui.Muted(String message) in C:\Users\My PC\Downloads\test\v1per-wpf\Console\Ui.cs:line 119
   at v1per_wpf.MainWindow.<>c__DisplayClass7_2.<.ctor>b__12() in C:\Users\My PC\Downloads\test\v1per-wpf\MainWindow.xaml.cs:line 97
   at System.Windows.Threading.ExceptionWrapper.InternalRealCall(Delegate callback, Object args, Int32 numArgs)
   at System.Windows.Threading.ExceptionWrapper.TryCatchWhen(Object source, Delegate callback, Object args, Int32 numArgs, Delegate catchHandler)

[2026-09-09 15:16:24] System.InvalidOperationException: Could not find color or style 'MTK'.
   at Spectre.Console.AnsiMarkupTagParser.Parse(String text) in /_/src/Spectre.Console.Ansi/AnsiMarkupTagParser.cs:line 10
   at Spectre.Console.AnsiMarkup.Parse(String markup, Nullable`1 style) in /_/src/Spectre.Console.Ansi/AnsiMarkup.cs:line 67
   at Spectre.Console.Markup..ctor(String text, Nullable`1 style) in /_/src/Spectre.Console/Widgets/Markup.cs:line 43
   at Spectre.Console.AnsiConsoleExtensions.Markup(IAnsiConsole console, String value) in /_/src/Spectre.Console/Extensions/AnsiConsoleExtensions.Markup.cs:line 87
   at Spectre.Console.AnsiConsoleExtensions.MarkupLine(IAnsiConsole console, String value) in /_/src/Spectre.Console/Extensions/AnsiConsoleExtensions.Markup.cs:line 133
   at Spectre.Console.AnsiConsole.MarkupLine(String value) in /_/src/Spectre.Console/AnsiConsole.Markup.cs:line 81
   at V1Per.Ui.MarkupLine(String markup) in C:\Users\My PC\Downloads\test\v1per-wpf\Console\Ui.cs:line 61
   at V1Per.Ui.Muted(String message) in C:\Users\My PC\Downloads\test\v1per-wpf\Console\Ui.cs:line 119
   at v1per_wpf.MainWindow.<>c__DisplayClass7_2.<.ctor>b__12() in C:\Users\My PC\Downloads\test\v1per-wpf\MainWindow.xaml.cs:line 97
   at System.Windows.Threading.ExceptionWrapper.InternalRealCall(Delegate callback, Object args, Int32 numArgs)
   at System.Windows.Threading.ExceptionWrapper.TryCatchWhen(Object source, Delegate callback, Object args, Int32 numArgs, Delegate catchHandler)

[2026-09-09 15:16:24] System.InvalidOperationException: Could not find color or style 'MTK'.
   at Spectre.Console.AnsiMarkupTagParser.Parse(String text) in /_/src/Spectre.Console.Ansi/AnsiMarkupTagParser.cs:line 10
   at Spectre.Console.AnsiMarkup.Parse(String markup, Nullable`1 style) in /_/src/Spectre.Console.Ansi/AnsiMarkup.cs:line 67
   at Spectre.Console.Markup..ctor(String text, Nullable`1 style) in /_/src/Spectre.Console/Widgets/Markup.cs:line 43
   at Spectre.Console.AnsiConsoleExtensions.Markup(IAnsiConsole console, String value) in /_/src/Spectre.Console/Extensions/AnsiConsoleExtensions.Markup.cs:line 87
   at Spectre.Console.AnsiConsoleExtensions.MarkupLine(IAnsiConsole console, String value) in /_/src/Spectre.Console/Extensions/AnsiConsoleExtensions.Markup.cs:line 133
   at Spectre.Console.AnsiConsole.MarkupLine(String value) in /_/src/Spectre.Console/AnsiConsole.Markup.cs:line 81
   at V1Per.Ui.MarkupLine(String markup) in C:\Users\My PC\Downloads\test\v1per-wpf\Console\Ui.cs:line 61
   at V1Per.Ui.Muted(String message) in C:\Users\My PC\Downloads\test\v1per-wpf\Console\Ui.cs:line 119
   at v1per_wpf.MainWindow.<>c__DisplayClass7_2.<.ctor>b__12() in C:\Users\My PC\Downloads\test\v1per-wpf\MainWindow.xaml.cs:line 97
   at System.Windows.Threading.ExceptionWrapper.InternalRealCall(Delegate callback, Object args, Int32 numArgs)
   at System.Windows.Threading.ExceptionWrapper.TryCatchWhen(Object source, Delegate callback, Object args, Int32 numArgs, Delegate catchHandler)

[2026-09-09 15:16:24] System.InvalidOperationException: Could not find color or style 'MTK'.
   at Spectre.Console.AnsiMarkupTagParser.Parse(String text) in /_/src/Spectre.Console.Ansi/AnsiMarkupTagParser.cs:line 10
   at Spectre.Console.AnsiMarkup.Parse(String markup, Nullable`1 style) in /_/src/Spectre.Console.Ansi/AnsiMarkup.cs:line 67
   at Spectre.Console.Markup..ctor(String text, Nullable`1 style) in /_/src/Spectre.Console/Widgets/Markup.cs:line 43
   at Spectre.Console.AnsiConsoleExtensions.Markup(IAnsiConsole console, String value) in /_/src/Spectre.Console/Extensions/AnsiConsoleExtensions.Markup.cs:line 87
   at Spectre.Console.AnsiConsoleExtensions.MarkupLine(IAnsiConsole console, String value) in /_/src/Spectre.Console/Extensions/AnsiConsoleExtensions.Markup.cs:line 133
   at Spectre.Console.AnsiConsole.MarkupLine(String value) in /_/src/Spectre.Console/AnsiConsole.Markup.cs:line 81
   at V1Per.Ui.MarkupLine(String markup) in C:\Users\My PC\Downloads\test\v1per-wpf\Console\Ui.cs:line 61
   at V1Per.Ui.Muted(String message) in C:\Users\My PC\Downloads\test\v1per-wpf\Console\Ui.cs:line 119
   at v1per_wpf.MainWindow.<>c__DisplayClass7_2.<.ctor>b__12() in C:\Users\My PC\Downloads\test\v1per-wpf\MainWindow.xaml.cs:line 97
   at System.Windows.Threading.ExceptionWrapper.InternalRealCall(Delegate callback, Object args, Int32 numArgs)
   at System.Windows.Threading.ExceptionWrapper.TryCatchWhen(Object source, Delegate callback, Object args, Int32 numArgs, Delegate catchHandler)

[2026-09-09 15:16:24] System.InvalidOperationException: Could not find color or style 'MTK'.
   at Spectre.Console.AnsiMarkupTagParser.Parse(String text) in /_/src/Spectre.Console.Ansi/AnsiMarkupTagParser.cs:line 10
   at Spectre.Console.AnsiMarkup.Parse(String markup, Nullable`1 style) in /_/src/Spectre.Console.Ansi/AnsiMarkup.cs:line 67
   at Spectre.Console.Markup..ctor(String text, Nullable`1 style) in /_/src/Spectre.Console/Widgets/Markup.cs:line 43
   at Spectre.Console.AnsiConsoleExtensions.Markup(IAnsiConsole console, String value) in /_/src/Spectre.Console/Extensions/AnsiConsoleExtensions.Markup.cs:line 87
   at Spectre.Console.AnsiConsoleExtensions.MarkupLine(IAnsiConsole console, String value) in /_/src/Spectre.Console/Extensions/AnsiConsoleExtensions.Markup.cs:line 133
   at Spectre.Console.AnsiConsole.MarkupLine(String value) in /_/src/Spectre.Console/AnsiConsole.Markup.cs:line 81
   at V1Per.Ui.MarkupLine(String markup) in C:\Users\My PC\Downloads\test\v1per-wpf\Console\Ui.cs:line 61
   at V1Per.Ui.Muted(String message) in C:\Users\My PC\Downloads\test\v1per-wpf\Console\Ui.cs:line 119
   at v1per_wpf.MainWindow.<>c__DisplayClass7_2.<.ctor>b__12() in C:\Users\My PC\Downloads\test\v1per-wpf\MainWindow.xaml.cs:line 97
   at System.Windows.Threading.ExceptionWrapper.InternalRealCall(Delegate callback, Object args, Int32 numArgs)
   at System.Windows.Threading.ExceptionWrapper.TryCatchWhen(Object source, Delegate callback, Object args, Int32 numArgs, Delegate catchHandler)

[2026-09-09 15:16:24] System.InvalidOperationException: Could not find color or style 'MTK'.
   at Spectre.Console.AnsiMarkupTagParser.Parse(String text) in /_/src/Spectre.Console.Ansi/AnsiMarkupTagParser.cs:line 10
   at Spectre.Console.AnsiMarkup.Parse(String markup, Nullable`1 style) in /_/src/Spectre.Console.Ansi/AnsiMarkup.cs:line 67
   at Spectre.Console.Markup..ctor(String text, Nullable`1 style) in /_/src/Spectre.Console/Widgets/Markup.cs:line 43
   at Spectre.Console.AnsiConsoleExtensions.Markup(IAnsiConsole console, String value) in /_/src/Spectre.Console/Extensions/AnsiConsoleExtensions.Markup.cs:line 87
   at Spectre.Console.AnsiConsoleExtensions.MarkupLine(IAnsiConsole console, String value) in /_/src/Spectre.Console/Extensions/AnsiConsoleExtensions.Markup.cs:line 133
   at Spectre.Console.AnsiConsole.MarkupLine(String value) in /_/src/Spectre.Console/AnsiConsole.Markup.cs:line 81
   at V1Per.Ui.MarkupLine(String markup) in C:\Users\My PC\Downloads\test\v1per-wpf\Console\Ui.cs:line 61
   at V1Per.Ui.Muted(String message) in C:\Users\My PC\Downloads\test\v1per-wpf\Console\Ui.cs:line 119
   at v1per_wpf.MainWindow.<>c__DisplayClass7_2.<.ctor>b__12() in C:\Users\My PC\Downloads\test\v1per-wpf\MainWindow.xaml.cs:line 97
   at System.Windows.Threading.ExceptionWrapper.InternalRealCall(Delegate callback, Object args, Int32 numArgs)
   at System.Windows.Threading.ExceptionWrapper.TryCatchWhen(Object source, Delegate callback, Object args, Int32 numArgs, Delegate catchHandler)

[2026-09-09 15:26:53] System.InvalidOperationException: Could not find color or style 'MTK'.
   at Spectre.Console.AnsiMarkupTagParser.Parse(String text) in /_/src/Spectre.Console.Ansi/AnsiMarkupTagParser.cs:line 10
   at Spectre.Console.AnsiMarkup.Parse(String markup, Nullable`1 style) in /_/src/Spectre.Console.Ansi/AnsiMarkup.cs:line 67
   at Spectre.Console.Markup..ctor(String text, Nullable`1 style) in /_/src/Spectre.Console/Widgets/Markup.cs:line 43
   at Spectre.Console.AnsiConsoleExtensions.Markup(IAnsiConsole console, String value) in /_/src/Spectre.Console/Extensions/AnsiConsoleExtensions.Markup.cs:line 87
   at Spectre.Console.AnsiConsoleExtensions.MarkupLine(IAnsiConsole console, String value) in /_/src/Spectre.Console/Extensions/AnsiConsoleExtensions.Markup.cs:line 133
   at Spectre.Console.AnsiConsole.MarkupLine(String value) in /_/src/Spectre.Console/AnsiConsole.Markup.cs:line 81
   at V1Per.Ui.MarkupLine(String markup) in C:\Users\My PC\Downloads\test\v1per-wpf\Console\Ui.cs:line 61
   at V1Per.Ui.Muted(String message) in C:\Users\My PC\Downloads\test\v1per-wpf\Console\Ui.cs:line 119
   at v1per_wpf.MainWindow.<>c__DisplayClass7_2.<.ctor>b__12() in C:\Users\My PC\Downloads\test\v1per-wpf\MainWindow.xaml.cs:line 97
   at System.Windows.Threading.ExceptionWrapper.InternalRealCall(Delegate callback, Object args, Int32 numArgs)
   at System.Windows.Threading.ExceptionWrapper.TryCatchWhen(Object source, Delegate callback, Object args, Int32 numArgs, Delegate catchHandler)

[2026-09-09 15:26:53] System.InvalidOperationException: Could not find color or style 'MTK'.
   at Spectre.Console.AnsiMarkupTagParser.Parse(String text) in /_/src/Spectre.Console.Ansi/AnsiMarkupTagParser.cs:line 10
   at Spectre.Console.AnsiMarkup.Parse(String markup, Nullable`1 style) in /_/src/Spectre.Console.Ansi/AnsiMarkup.cs:line 67
   at Spectre.Console.Markup..ctor(String text, Nullable`1 style) in /_/src/Spectre.Console/Widgets/Markup.cs:line 43
   at Spectre.Console.AnsiConsoleExtensions.Markup(IAnsiConsole console, String value) in /_/src/Spectre.Console/Extensions/AnsiConsoleExtensions.Markup.cs:line 87
   at Spectre.Console.AnsiConsoleExtensions.MarkupLine(IAnsiConsole console, String value) in /_/src/Spectre.Console/Extensions/AnsiConsoleExtensions.Markup.cs:line 133
   at Spectre.Console.AnsiConsole.MarkupLine(String value) in /_/src/Spectre.Console/AnsiConsole.Markup.cs:line 81
   at V1Per.Ui.MarkupLine(String markup) in C:\Users\My PC\Downloads\test\v1per-wpf\Console\Ui.cs:line 61
   at V1Per.Ui.Muted(String message) in C:\Users\My PC\Downloads\test\v1per-wpf\Console\Ui.cs:line 119
   at v1per_wpf.MainWindow.<>c__DisplayClass7_2.<.ctor>b__12() in C:\Users\My PC\Downloads\test\v1per-wpf\MainWindow.xaml.cs:line 97
   at System.Windows.Threading.ExceptionWrapper.InternalRealCall(Delegate callback, Object args, Int32 numArgs)
   at System.Windows.Threading.ExceptionWrapper.TryCatchWhen(Object source, Delegate callback, Object args, Int32 numArgs, Delegate catchHandler)

[2026-09-09 15:26:54] System.InvalidOperationException: Could not find color or style 'MTK'.
   at Spectre.Console.AnsiMarkupTagParser.Parse(String text) in /_/src/Spectre.Console.Ansi/AnsiMarkupTagParser.cs:line 10
   at Spectre.Console.AnsiMarkup.Parse(String markup, Nullable`1 style) in /_/src/Spectre.Console.Ansi/AnsiMarkup.cs:line 67
   at Spectre.Console.Markup..ctor(String text, Nullable`1 style) in /_/src/Spectre.Console/Widgets/Markup.cs:line 43
   at Spectre.Console.AnsiConsoleExtensions.Markup(IAnsiConsole console, String value) in /_/src/Spectre.Console/Extensions/AnsiConsoleExtensions.Markup.cs:line 87
   at Spectre.Console.AnsiConsoleExtensions.MarkupLine(IAnsiConsole console, String value) in /_/src/Spectre.Console/Extensions/AnsiConsoleExtensions.Markup.cs:line 133
   at Spectre.Console.AnsiConsole.MarkupLine(String value) in /_/src/Spectre.Console/AnsiConsole.Markup.cs:line 81
   at V1Per.Ui.MarkupLine(String markup) in C:\Users\My PC\Downloads\test\v1per-wpf\Console\Ui.cs:line 61
   at V1Per.Ui.Muted(String message) in C:\Users\My PC\Downloads\test\v1per-wpf\Console\Ui.cs:line 119
   at v1per_wpf.MainWindow.<>c__DisplayClass7_2.<.ctor>b__12() in C:\Users\My PC\Downloads\test\v1per-wpf\MainWindow.xaml.cs:line 97
   at System.Windows.Threading.ExceptionWrapper.InternalRealCall(Delegate callback, Object args, Int32 numArgs)
   at System.Windows.Threading.ExceptionWrapper.TryCatchWhen(Object source, Delegate callback, Object args, Int32 numArgs, Delegate catchHandler)

[2026-09-09 15:26:54] System.InvalidOperationException: Could not find color or style 'MTK'.
   at Spectre.Console.AnsiMarkupTagParser.Parse(String text) in /_/src/Spectre.Console.Ansi/AnsiMarkupTagParser.cs:line 10
   at Spectre.Console.AnsiMarkup.Parse(String markup, Nullable`1 style) in /_/src/Spectre.Console.Ansi/AnsiMarkup.cs:line 67
   at Spectre.Console.Markup..ctor(String text, Nullable`1 style) in /_/src/Spectre.Console/Widgets/Markup.cs:line 43
   at Spectre.Console.AnsiConsoleExtensions.Markup(IAnsiConsole console, String value) in /_/src/Spectre.Console/Extensions/AnsiConsoleExtensions.Markup.cs:line 87
   at Spectre.Console.AnsiConsoleExtensions.MarkupLine(IAnsiConsole console, String value) in /_/src/Spectre.Console/Extensions/AnsiConsoleExtensions.Markup.cs:line 133
   at Spectre.Console.AnsiConsole.MarkupLine(String value) in /_/src/Spectre.Console/AnsiConsole.Markup.cs:line 81
   at V1Per.Ui.MarkupLine(String markup) in C:\Users\My PC\Downloads\test\v1per-wpf\Console\Ui.cs:line 61
   at V1Per.Ui.Muted(String message) in C:\Users\My PC\Downloads\test\v1per-wpf\Console\Ui.cs:line 119
   at v1per_wpf.MainWindow.<>c__DisplayClass7_2.<.ctor>b__12() in C:\Users\My PC\Downloads\test\v1per-wpf\MainWindow.xaml.cs:line 97
   at System.Windows.Threading.ExceptionWrapper.InternalRealCall(Delegate callback, Object args, Int32 numArgs)
   at System.Windows.Threading.ExceptionWrapper.TryCatchWhen(Object source, Delegate callback, Object args, Int32 numArgs, Delegate catchHandler)

[2026-09-09 15:26:54] System.InvalidOperationException: Could not find color or style 'MTK'.
   at Spectre.Console.AnsiMarkupTagParser.Parse(String text) in /_/src/Spectre.Console.Ansi/AnsiMarkupTagParser.cs:line 10
   at Spectre.Console.AnsiMarkup.Parse(String markup, Nullable`1 style) in /_/src/Spectre.Console.Ansi/AnsiMarkup.cs:line 67
   at Spectre.Console.Markup..ctor(String text, Nullable`1 style) in /_/src/Spectre.Console/Widgets/Markup.cs:line 43
   at Spectre.Console.AnsiConsoleExtensions.Markup(IAnsiConsole console, String value) in /_/src/Spectre.Console/Extensions/AnsiConsoleExtensions.Markup.cs:line 87
   at Spectre.Console.AnsiConsoleExtensions.MarkupLine(IAnsiConsole console, String value) in /_/src/Spectre.Console/Extensions/AnsiConsoleExtensions.Markup.cs:line 133
   at Spectre.Console.AnsiConsole.MarkupLine(String value) in /_/src/Spectre.Console/AnsiConsole.Markup.cs:line 81
   at V1Per.Ui.MarkupLine(String markup) in C:\Users\My PC\Downloads\test\v1per-wpf\Console\Ui.cs:line 61
   at V1Per.Ui.Muted(String message) in C:\Users\My PC\Downloads\test\v1per-wpf\Console\Ui.cs:line 119
   at v1per_wpf.MainWindow.<>c__DisplayClass7_2.<.ctor>b__12() in C:\Users\My PC\Downloads\test\v1per-wpf\MainWindow.xaml.cs:line 97
   at System.Windows.Threading.ExceptionWrapper.InternalRealCall(Delegate callback, Object args, Int32 numArgs)
   at System.Windows.Threading.ExceptionWrapper.TryCatchWhen(Object source, Delegate callback, Object args, Int32 numArgs, Delegate catchHandler)

[2026-09-09 15:26:54] System.InvalidOperationException: Could not find color or style 'MTK'.
   at Spectre.Console.AnsiMarkupTagParser.Parse(String text) in /_/src/Spectre.Console.Ansi/AnsiMarkupTagParser.cs:line 10
   at Spectre.Console.AnsiMarkup.Parse(String markup, Nullable`1 style) in /_/src/Spectre.Console.Ansi/AnsiMarkup.cs:line 67
   at Spectre.Console.Markup..ctor(String text, Nullable`1 style) in /_/src/Spectre.Console/Widgets/Markup.cs:line 43
   at Spectre.Console.AnsiConsoleExtensions.Markup(IAnsiConsole console, String value) in /_/src/Spectre.Console/Extensions/AnsiConsoleExtensions.Markup.cs:line 87
   at Spectre.Console.AnsiConsoleExtensions.MarkupLine(IAnsiConsole console, String value) in /_/src/Spectre.Console/Extensions/AnsiConsoleExtensions.Markup.cs:line 133
   at Spectre.Console.AnsiConsole.MarkupLine(String value) in /_/src/Spectre.Console/AnsiConsole.Markup.cs:line 81
   at V1Per.Ui.MarkupLine(String markup) in C:\Users\My PC\Downloads\test\v1per-wpf\Console\Ui.cs:line 61
   at V1Per.Ui.Muted(String message) in C:\Users\My PC\Downloads\test\v1per-wpf\Console\Ui.cs:line 119
   at v1per_wpf.MainWindow.<>c__DisplayClass7_2.<.ctor>b__12() in C:\Users\My PC\Downloads\test\v1per-wpf\MainWindow.xaml.cs:line 97
   at System.Windows.Threading.ExceptionWrapper.InternalRealCall(Delegate callback, Object args, Int32 numArgs)
   at System.Windows.Threading.ExceptionWrapper.TryCatchWhen(Object source, Delegate callback, Object args, Int32 numArgs, Delegate catchHandler)

[2026-09-09 15:26:54] System.InvalidOperationException: Could not find color or style 'MTK'.
   at Spectre.Console.AnsiMarkupTagParser.Parse(String text) in /_/src/Spectre.Console.Ansi/AnsiMarkupTagParser.cs:line 10
   at Spectre.Console.AnsiMarkup.Parse(String markup, Nullable`1 style) in /_/src/Spectre.Console.Ansi/AnsiMarkup.cs:line 67
   at Spectre.Console.Markup..ctor(String text, Nullable`1 style) in /_/src/Spectre.Console/Widgets/Markup.cs:line 43
   at Spectre.Console.AnsiConsoleExtensions.Markup(IAnsiConsole console, String value) in /_/src/Spectre.Console/Extensions/AnsiConsoleExtensions.Markup.cs:line 87
   at Spectre.Console.AnsiConsoleExtensions.MarkupLine(IAnsiConsole console, String value) in /_/src/Spectre.Console/Extensions/AnsiConsoleExtensions.Markup.cs:line 133
   at Spectre.Console.AnsiConsole.MarkupLine(String value) in /_/src/Spectre.Console/AnsiConsole.Markup.cs:line 81
   at V1Per.Ui.MarkupLine(String markup) in C:\Users\My PC\Downloads\test\v1per-wpf\Console\Ui.cs:line 61
   at V1Per.Ui.Muted(String message) in C:\Users\My PC\Downloads\test\v1per-wpf\Console\Ui.cs:line 119
   at v1per_wpf.MainWindow.<>c__DisplayClass7_2.<.ctor>b__12() in C:\Users\My PC\Downloads\test\v1per-wpf\MainWindow.xaml.cs:line 97
   at System.Windows.Threading.ExceptionWrapper.InternalRealCall(Delegate callback, Object args, Int32 numArgs)
   at System.Windows.Threading.ExceptionWrapper.TryCatchWhen(Object source, Delegate callback, Object args, Int32 numArgs, Delegate catchHandler)

[2026-09-09 15:26:54] System.InvalidOperationException: Could not find color or style 'MTK'.
   at Spectre.Console.AnsiMarkupTagParser.Parse(String text) in /_/src/Spectre.Console.Ansi/AnsiMarkupTagParser.cs:line 10
   at Spectre.Console.AnsiMarkup.Parse(String markup, Nullable`1 style) in /_/src/Spectre.Console.Ansi/AnsiMarkup.cs:line 67
   at Spectre.Console.Markup..ctor(String text, Nullable`1 style) in /_/src/Spectre.Console/Widgets/Markup.cs:line 43
   at Spectre.Console.AnsiConsoleExtensions.Markup(IAnsiConsole console, String value) in /_/src/Spectre.Console/Extensions/AnsiConsoleExtensions.Markup.cs:line 87
   at Spectre.Console.AnsiConsoleExtensions.MarkupLine(IAnsiConsole console, String value) in /_/src/Spectre.Console/Extensions/AnsiConsoleExtensions.Markup.cs:line 133
   at Spectre.Console.AnsiConsole.MarkupLine(String value) in /_/src/Spectre.Console/AnsiConsole.Markup.cs:line 81
   at V1Per.Ui.MarkupLine(String markup) in C:\Users\My PC\Downloads\test\v1per-wpf\Console\Ui.cs:line 61
   at V1Per.Ui.Muted(String message) in C:\Users\My PC\Downloads\test\v1per-wpf\Console\Ui.cs:line 119
   at v1per_wpf.MainWindow.<>c__DisplayClass7_2.<.ctor>b__12() in C:\Users\My PC\Downloads\test\v1per-wpf\MainWindow.xaml.cs:line 97
   at System.Windows.Threading.ExceptionWrapper.InternalRealCall(Delegate callback, Object args, Int32 numArgs)
   at System.Windows.Threading.ExceptionWrapper.TryCatchWhen(Object source, Delegate callback, Object args, Int32 numArgs, Delegate catchHandler)

[2026-09-09 15:27:07] System.InvalidOperationException: Could not find color or style 'MTK'.
   at Spectre.Console.AnsiMarkupTagParser.Parse(String text) in /_/src/Spectre.Console.Ansi/AnsiMarkupTagParser.cs:line 10
   at Spectre.Console.AnsiMarkup.Parse(String markup, Nullable`1 style) in /_/src/Spectre.Console.Ansi/AnsiMarkup.cs:line 67
   at Spectre.Console.Markup..ctor(String text, Nullable`1 style) in /_/src/Spectre.Console/Widgets/Markup.cs:line 43
   at Spectre.Console.AnsiConsoleExtensions.Markup(IAnsiConsole console, String value) in /_/src/Spectre.Console/Extensions/AnsiConsoleExtensions.Markup.cs:line 87
   at Spectre.Console.AnsiConsoleExtensions.MarkupLine(IAnsiConsole console, String value) in /_/src/Spectre.Console/Extensions/AnsiConsoleExtensions.Markup.cs:line 133
   at Spectre.Console.AnsiConsole.MarkupLine(String value) in /_/src/Spectre.Console/AnsiConsole.Markup.cs:line 81
   at V1Per.Ui.MarkupLine(String markup) in C:\Users\My PC\Downloads\test\v1per-wpf\Console\Ui.cs:line 61
   at V1Per.Ui.Muted(String message) in C:\Users\My PC\Downloads\test\v1per-wpf\Console\Ui.cs:line 119
   at v1per_wpf.MainWindow.<>c__DisplayClass7_2.<.ctor>b__12() in C:\Users\My PC\Downloads\test\v1per-wpf\MainWindow.xaml.cs:line 97
   at System.Windows.Threading.ExceptionWrapper.InternalRealCall(Delegate callback, Object args, Int32 numArgs)
   at System.Windows.Threading.ExceptionWrapper.TryCatchWhen(Object source, Delegate callback, Object args, Int32 numArgs, Delegate catchHandler)

[2026-09-09 15:27:07] System.InvalidOperationException: Could not find color or style 'MTK'.
   at Spectre.Console.AnsiMarkupTagParser.Parse(String text) in /_/src/Spectre.Console.Ansi/AnsiMarkupTagParser.cs:line 10
   at Spectre.Console.AnsiMarkup.Parse(String markup, Nullable`1 style) in /_/src/Spectre.Console.Ansi/AnsiMarkup.cs:line 67
   at Spectre.Console.Markup..ctor(String text, Nullable`1 style) in /_/src/Spectre.Console/Widgets/Markup.cs:line 43
   at Spectre.Console.AnsiConsoleExtensions.Markup(IAnsiConsole console, String value) in /_/src/Spectre.Console/Extensions/AnsiConsoleExtensions.Markup.cs:line 87
   at Spectre.Console.AnsiConsoleExtensions.MarkupLine(IAnsiConsole console, String value) in /_/src/Spectre.Console/Extensions/AnsiConsoleExtensions.Markup.cs:line 133
   at Spectre.Console.AnsiConsole.MarkupLine(String value) in /_/src/Spectre.Console/AnsiConsole.Markup.cs:line 81
   at V1Per.Ui.MarkupLine(String markup) in C:\Users\My PC\Downloads\test\v1per-wpf\Console\Ui.cs:line 61
   at V1Per.Ui.Muted(String message) in C:\Users\My PC\Downloads\test\v1per-wpf\Console\Ui.cs:line 119
   at v1per_wpf.MainWindow.<>c__DisplayClass7_2.<.ctor>b__12() in C:\Users\My PC\Downloads\test\v1per-wpf\MainWindow.xaml.cs:line 97
   at System.Windows.Threading.ExceptionWrapper.InternalRealCall(Delegate callback, Object args, Int32 numArgs)
   at System.Windows.Threading.ExceptionWrapper.TryCatchWhen(Object source, Delegate callback, Object args, Int32 numArgs, Delegate catchHandler)

[2026-09-09 15:27:07] System.InvalidOperationException: Could not find color or style 'MTK'.
   at Spectre.Console.AnsiMarkupTagParser.Parse(String text) in /_/src/Spectre.Console.Ansi/AnsiMarkupTagParser.cs:line 10
   at Spectre.Console.AnsiMarkup.Parse(String markup, Nullable`1 style) in /_/src/Spectre.Console.Ansi/AnsiMarkup.cs:line 67
   at Spectre.Console.Markup..ctor(String text, Nullable`1 style) in /_/src/Spectre.Console/Widgets/Markup.cs:line 43
   at Spectre.Console.AnsiConsoleExtensions.Markup(IAnsiConsole console, String value) in /_/src/Spectre.Console/Extensions/AnsiConsoleExtensions.Markup.cs:line 87
   at Spectre.Console.AnsiConsoleExtensions.MarkupLine(IAnsiConsole console, String value) in /_/src/Spectre.Console/Extensions/AnsiConsoleExtensions.Markup.cs:line 133
   at Spectre.Console.AnsiConsole.MarkupLine(String value) in /_/src/Spectre.Console/AnsiConsole.Markup.cs:line 81
   at V1Per.Ui.MarkupLine(String markup) in C:\Users\My PC\Downloads\test\v1per-wpf\Console\Ui.cs:line 61
   at V1Per.Ui.Muted(String message) in C:\Users\My PC\Downloads\test\v1per-wpf\Console\Ui.cs:line 119
   at v1per_wpf.MainWindow.<>c__DisplayClass7_2.<.ctor>b__12() in C:\Users\My PC\Downloads\test\v1per-wpf\MainWindow.xaml.cs:line 97
   at System.Windows.Threading.ExceptionWrapper.InternalRealCall(Delegate callback, Object args, Int32 numArgs)
   at System.Windows.Threading.ExceptionWrapper.TryCatchWhen(Object source, Delegate callback, Object args, Int32 numArgs, Delegate catchHandler)

[2026-09-09 15:27:07] System.InvalidOperationException: Could not find color or style 'MTK'.
   at Spectre.Console.AnsiMarkupTagParser.Parse(String text) in /_/src/Spectre.Console.Ansi/AnsiMarkupTagParser.cs:line 10
   at Spectre.Console.AnsiMarkup.Parse(String markup, Nullable`1 style) in /_/src/Spectre.Console.Ansi/AnsiMarkup.cs:line 67
   at Spectre.Console.Markup..ctor(String text, Nullable`1 style) in /_/src/Spectre.Console/Widgets/Markup.cs:line 43
   at Spectre.Console.AnsiConsoleExtensions.Markup(IAnsiConsole console, String value) in /_/src/Spectre.Console/Extensions/AnsiConsoleExtensions.Markup.cs:line 87
   at Spectre.Console.AnsiConsoleExtensions.MarkupLine(IAnsiConsole console, String value) in /_/src/Spectre.Console/Extensions/AnsiConsoleExtensions.Markup.cs:line 133
   at Spectre.Console.AnsiConsole.MarkupLine(String value) in /_/src/Spectre.Console/AnsiConsole.Markup.cs:line 81
   at V1Per.Ui.MarkupLine(String markup) in C:\Users\My PC\Downloads\test\v1per-wpf\Console\Ui.cs:line 61
   at V1Per.Ui.Muted(String message) in C:\Users\My PC\Downloads\test\v1per-wpf\Console\Ui.cs:line 119
   at v1per_wpf.MainWindow.<>c__DisplayClass7_2.<.ctor>b__12() in C:\Users\My PC\Downloads\test\v1per-wpf\MainWindow.xaml.cs:line 97
   at System.Windows.Threading.ExceptionWrapper.InternalRealCall(Delegate callback, Object args, Int32 numArgs)
   at System.Windows.Threading.ExceptionWrapper.TryCatchWhen(Object source, Delegate callback, Object args, Int32 numArgs, Delegate catchHandler)

[2026-09-09 15:35:23] System.InvalidOperationException: Could not find color or style 'MTK'.
   at Spectre.Console.AnsiMarkupTagParser.Parse(String text) in /_/src/Spectre.Console.Ansi/AnsiMarkupTagParser.cs:line 10
   at Spectre.Console.AnsiMarkup.Parse(String markup, Nullable`1 style) in /_/src/Spectre.Console.Ansi/AnsiMarkup.cs:line 67
   at Spectre.Console.Markup..ctor(String text, Nullable`1 style) in /_/src/Spectre.Console/Widgets/Markup.cs:line 43
   at Spectre.Console.AnsiConsoleExtensions.Markup(IAnsiConsole console, String value) in /_/src/Spectre.Console/Extensions/AnsiConsoleExtensions.Markup.cs:line 87
   at Spectre.Console.AnsiConsoleExtensions.MarkupLine(IAnsiConsole console, String value) in /_/src/Spectre.Console/Extensions/AnsiConsoleExtensions.Markup.cs:line 133
   at Spectre.Console.AnsiConsole.MarkupLine(String value) in /_/src/Spectre.Console/AnsiConsole.Markup.cs:line 81
   at V1Per.Ui.MarkupLine(String markup) in C:\Users\My PC\Downloads\test\v1per-wpf\Console\Ui.cs:line 61
   at V1Per.Ui.Muted(String message) in C:\Users\My PC\Downloads\test\v1per-wpf\Console\Ui.cs:line 119
   at v1per_wpf.MainWindow.<>c__DisplayClass7_2.<.ctor>b__12() in C:\Users\My PC\Downloads\test\v1per-wpf\MainWindow.xaml.cs:line 97
   at System.Windows.Threading.ExceptionWrapper.InternalRealCall(Delegate callback, Object args, Int32 numArgs)
   at System.Windows.Threading.ExceptionWrapper.TryCatchWhen(Object source, Delegate callback, Object args, Int32 numArgs, Delegate catchHandler)

[2026-09-09 15:35:23] System.InvalidOperationException: Could not find color or style 'MTK'.
   at Spectre.Console.AnsiMarkupTagParser.Parse(String text) in /_/src/Spectre.Console.Ansi/AnsiMarkupTagParser.cs:line 10
   at Spectre.Console.AnsiMarkup.Parse(String markup, Nullable`1 style) in /_/src/Spectre.Console.Ansi/AnsiMarkup.cs:line 67
   at Spectre.Console.Markup..ctor(String text, Nullable`1 style) in /_/src/Spectre.Console/Widgets/Markup.cs:line 43
   at Spectre.Console.AnsiConsoleExtensions.Markup(IAnsiConsole console, String value) in /_/src/Spectre.Console/Extensions/AnsiConsoleExtensions.Markup.cs:line 87
   at Spectre.Console.AnsiConsoleExtensions.MarkupLine(IAnsiConsole console, String value) in /_/src/Spectre.Console/Extensions/AnsiConsoleExtensions.Markup.cs:line 133
   at Spectre.Console.AnsiConsole.MarkupLine(String value) in /_/src/Spectre.Console/AnsiConsole.Markup.cs:line 81
   at V1Per.Ui.MarkupLine(String markup) in C:\Users\My PC\Downloads\test\v1per-wpf\Console\Ui.cs:line 61
   at V1Per.Ui.Muted(String message) in C:\Users\My PC\Downloads\test\v1per-wpf\Console\Ui.cs:line 119
   at v1per_wpf.MainWindow.<>c__DisplayClass7_2.<.ctor>b__12() in C:\Users\My PC\Downloads\test\v1per-wpf\MainWindow.xaml.cs:line 97
   at System.Windows.Threading.ExceptionWrapper.InternalRealCall(Delegate callback, Object args, Int32 numArgs)
   at System.Windows.Threading.ExceptionWrapper.TryCatchWhen(Object source, Delegate callback, Object args, Int32 numArgs, Delegate catchHandler)

[2026-09-09 15:35:24] System.InvalidOperationException: Could not find color or style 'MTK'.
   at Spectre.Console.AnsiMarkupTagParser.Parse(String text) in /_/src/Spectre.Console.Ansi/AnsiMarkupTagParser.cs:line 10
   at Spectre.Console.AnsiMarkup.Parse(String markup, Nullable`1 style) in /_/src/Spectre.Console.Ansi/AnsiMarkup.cs:line 67
   at Spectre.Console.Markup..ctor(String text, Nullable`1 style) in /_/src/Spectre.Console/Widgets/Markup.cs:line 43
   at Spectre.Console.AnsiConsoleExtensions.Markup(IAnsiConsole console, String value) in /_/src/Spectre.Console/Extensions/AnsiConsoleExtensions.Markup.cs:line 87
   at Spectre.Console.AnsiConsoleExtensions.MarkupLine(IAnsiConsole console, String value) in /_/src/Spectre.Console/Extensions/AnsiConsoleExtensions.Markup.cs:line 133
   at Spectre.Console.AnsiConsole.MarkupLine(String value) in /_/src/Spectre.Console/AnsiConsole.Markup.cs:line 81
   at V1Per.Ui.MarkupLine(String markup) in C:\Users\My PC\Downloads\test\v1per-wpf\Console\Ui.cs:line 61
   at V1Per.Ui.Muted(String message) in C:\Users\My PC\Downloads\test\v1per-wpf\Console\Ui.cs:line 119
   at v1per_wpf.MainWindow.<>c__DisplayClass7_2.<.ctor>b__12() in C:\Users\My PC\Downloads\test\v1per-wpf\MainWindow.xaml.cs:line 97
   at System.Windows.Threading.ExceptionWrapper.InternalRealCall(Delegate callback, Object args, Int32 numArgs)
   at System.Windows.Threading.ExceptionWrapper.TryCatchWhen(Object source, Delegate callback, Object args, Int32 numArgs, Delegate catchHandler)

[2026-09-09 15:35:24] System.InvalidOperationException: Could not find color or style 'MTK'.
   at Spectre.Console.AnsiMarkupTagParser.Parse(String text) in /_/src/Spectre.Console.Ansi/AnsiMarkupTagParser.cs:line 10
   at Spectre.Console.AnsiMarkup.Parse(String markup, Nullable`1 style) in /_/src/Spectre.Console.Ansi/AnsiMarkup.cs:line 67
   at Spectre.Console.Markup..ctor(String text, Nullable`1 style) in /_/src/Spectre.Console/Widgets/Markup.cs:line 43
   at Spectre.Console.AnsiConsoleExtensions.Markup(IAnsiConsole console, String value) in /_/src/Spectre.Console/Extensions/AnsiConsoleExtensions.Markup.cs:line 87
   at Spectre.Console.AnsiConsoleExtensions.MarkupLine(IAnsiConsole console, String value) in /_/src/Spectre.Console/Extensions/AnsiConsoleExtensions.Markup.cs:line 133
   at Spectre.Console.AnsiConsole.MarkupLine(String value) in /_/src/Spectre.Console/AnsiConsole.Markup.cs:line 81
   at V1Per.Ui.MarkupLine(String markup) in C:\Users\My PC\Downloads\test\v1per-wpf\Console\Ui.cs:line 61
   at V1Per.Ui.Muted(String message) in C:\Users\My PC\Downloads\test\v1per-wpf\Console\Ui.cs:line 119
   at v1per_wpf.MainWindow.<>c__DisplayClass7_2.<.ctor>b__12() in C:\Users\My PC\Downloads\test\v1per-wpf\MainWindow.xaml.cs:line 97
   at System.Windows.Threading.ExceptionWrapper.InternalRealCall(Delegate callback, Object args, Int32 numArgs)
   at System.Windows.Threading.ExceptionWrapper.TryCatchWhen(Object source, Delegate callback, Object args, Int32 numArgs, Delegate catchHandler)

[2026-09-09 15:35:24] System.InvalidOperationException: Could not find color or style 'MTK'.
   at Spectre.Console.AnsiMarkupTagParser.Parse(String text) in /_/src/Spectre.Console.Ansi/AnsiMarkupTagParser.cs:line 10
   at Spectre.Console.AnsiMarkup.Parse(String markup, Nullable`1 style) in /_/src/Spectre.Console.Ansi/AnsiMarkup.cs:line 67
   at Spectre.Console.Markup..ctor(String text, Nullable`1 style) in /_/src/Spectre.Console/Widgets/Markup.cs:line 43
   at Spectre.Console.AnsiConsoleExtensions.Markup(IAnsiConsole console, String value) in /_/src/Spectre.Console/Extensions/AnsiConsoleExtensions.Markup.cs:line 87
   at Spectre.Console.AnsiConsoleExtensions.MarkupLine(IAnsiConsole console, String value) in /_/src/Spectre.Console/Extensions/AnsiConsoleExtensions.Markup.cs:line 133
   at Spectre.Console.AnsiConsole.MarkupLine(String value) in /_/src/Spectre.Console/AnsiConsole.Markup.cs:line 81
   at V1Per.Ui.MarkupLine(String markup) in C:\Users\My PC\Downloads\test\v1per-wpf\Console\Ui.cs:line 61
   at V1Per.Ui.Muted(String message) in C:\Users\My PC\Downloads\test\v1per-wpf\Console\Ui.cs:line 119
   at v1per_wpf.MainWindow.<>c__DisplayClass7_2.<.ctor>b__12() in C:\Users\My PC\Downloads\test\v1per-wpf\MainWindow.xaml.cs:line 97
   at System.Windows.Threading.ExceptionWrapper.InternalRealCall(Delegate callback, Object args, Int32 numArgs)
   at System.Windows.Threading.ExceptionWrapper.TryCatchWhen(Object source, Delegate callback, Object args, Int32 numArgs, Delegate catchHandler)

[2026-09-09 15:35:24] System.InvalidOperationException: Could not find color or style 'MTK'.
   at Spectre.Console.AnsiMarkupTagParser.Parse(String text) in /_/src/Spectre.Console.Ansi/AnsiMarkupTagParser.cs:line 10
   at Spectre.Console.AnsiMarkup.Parse(String markup, Nullable`1 style) in /_/src/Spectre.Console.Ansi/AnsiMarkup.cs:line 67
   at Spectre.Console.Markup..ctor(String text, Nullable`1 style) in /_/src/Spectre.Console/Widgets/Markup.cs:line 43
   at Spectre.Console.AnsiConsoleExtensions.Markup(IAnsiConsole console, String value) in /_/src/Spectre.Console/Extensions/AnsiConsoleExtensions.Markup.cs:line 87
   at Spectre.Console.AnsiConsoleExtensions.MarkupLine(IAnsiConsole console, String value) in /_/src/Spectre.Console/Extensions/AnsiConsoleExtensions.Markup.cs:line 133
   at Spectre.Console.AnsiConsole.MarkupLine(String value) in /_/src/Spectre.Console/AnsiConsole.Markup.cs:line 81
   at V1Per.Ui.MarkupLine(String markup) in C:\Users\My PC\Downloads\test\v1per-wpf\Console\Ui.cs:line 61
   at V1Per.Ui.Muted(String message) in C:\Users\My PC\Downloads\test\v1per-wpf\Console\Ui.cs:line 119
   at v1per_wpf.MainWindow.<>c__DisplayClass7_2.<.ctor>b__12() in C:\Users\My PC\Downloads\test\v1per-wpf\MainWindow.xaml.cs:line 97
   at System.Windows.Threading.ExceptionWrapper.InternalRealCall(Delegate callback, Object args, Int32 numArgs)
   at System.Windows.Threading.ExceptionWrapper.TryCatchWhen(Object source, Delegate callback, Object args, Int32 numArgs, Delegate catchHandler)

[2026-09-09 15:35:24] System.InvalidOperationException: Could not find color or style 'MTK'.
   at Spectre.Console.AnsiMarkupTagParser.Parse(String text) in /_/src/Spectre.Console.Ansi/AnsiMarkupTagParser.cs:line 10
   at Spectre.Console.AnsiMarkup.Parse(String markup, Nullable`1 style) in /_/src/Spectre.Console.Ansi/AnsiMarkup.cs:line 67
   at Spectre.Console.Markup..ctor(String text, Nullable`1 style) in /_/src/Spectre.Console/Widgets/Markup.cs:line 43
   at Spectre.Console.AnsiConsoleExtensions.Markup(IAnsiConsole console, String value) in /_/src/Spectre.Console/Extensions/AnsiConsoleExtensions.Markup.cs:line 87
   at Spectre.Console.AnsiConsoleExtensions.MarkupLine(IAnsiConsole console, String value) in /_/src/Spectre.Console/Extensions/AnsiConsoleExtensions.Markup.cs:line 133
   at Spectre.Console.AnsiConsole.MarkupLine(String value) in /_/src/Spectre.Console/AnsiConsole.Markup.cs:line 81
   at V1Per.Ui.MarkupLine(String markup) in C:\Users\My PC\Downloads\test\v1per-wpf\Console\Ui.cs:line 61
   at V1Per.Ui.Muted(String message) in C:\Users\My PC\Downloads\test\v1per-wpf\Console\Ui.cs:line 119
   at v1per_wpf.MainWindow.<>c__DisplayClass7_2.<.ctor>b__12() in C:\Users\My PC\Downloads\test\v1per-wpf\MainWindow.xaml.cs:line 97
   at System.Windows.Threading.ExceptionWrapper.InternalRealCall(Delegate callback, Object args, Int32 numArgs)
   at System.Windows.Threading.ExceptionWrapper.TryCatchWhen(Object source, Delegate callback, Object args, Int32 numArgs, Delegate catchHandler)

[2026-09-09 15:35:24] System.InvalidOperationException: Could not find color or style 'MTK'.
   at Spectre.Console.AnsiMarkupTagParser.Parse(String text) in /_/src/Spectre.Console.Ansi/AnsiMarkupTagParser.cs:line 10
   at Spectre.Console.AnsiMarkup.Parse(String markup, Nullable`1 style) in /_/src/Spectre.Console.Ansi/AnsiMarkup.cs:line 67
   at Spectre.Console.Markup..ctor(String text, Nullable`1 style) in /_/src/Spectre.Console/Widgets/Markup.cs:line 43
   at Spectre.Console.AnsiConsoleExtensions.Markup(IAnsiConsole console, String value) in /_/src/Spectre.Console/Extensions/AnsiConsoleExtensions.Markup.cs:line 87
   at Spectre.Console.AnsiConsoleExtensions.MarkupLine(IAnsiConsole console, String value) in /_/src/Spectre.Console/Extensions/AnsiConsoleExtensions.Markup.cs:line 133
   at Spectre.Console.AnsiConsole.MarkupLine(String value) in /_/src/Spectre.Console/AnsiConsole.Markup.cs:line 81
   at V1Per.Ui.MarkupLine(String markup) in C:\Users\My PC\Downloads\test\v1per-wpf\Console\Ui.cs:line 61
   at V1Per.Ui.Muted(String message) in C:\Users\My PC\Downloads\test\v1per-wpf\Console\Ui.cs:line 119
   at v1per_wpf.MainWindow.<>c__DisplayClass7_2.<.ctor>b__12() in C:\Users\My PC\Downloads\test\v1per-wpf\MainWindow.xaml.cs:line 97
   at System.Windows.Threading.ExceptionWrapper.InternalRealCall(Delegate callback, Object args, Int32 numArgs)
   at System.Windows.Threading.ExceptionWrapper.TryCatchWhen(Object source, Delegate callback, Object args, Int32 numArgs, Delegate catchHandler)

[2026-09-09 15:35:25] System.InvalidOperationException: Could not find color or style 'MTK'.
   at Spectre.Console.AnsiMarkupTagParser.Parse(String text) in /_/src/Spectre.Console.Ansi/AnsiMarkupTagParser.cs:line 10
   at Spectre.Console.AnsiMarkup.Parse(String markup, Nullable`1 style) in /_/src/Spectre.Console.Ansi/AnsiMarkup.cs:line 67
   at Spectre.Console.Markup..ctor(String text, Nullable`1 style) in /_/src/Spectre.Console/Widgets/Markup.cs:line 43
   at Spectre.Console.AnsiConsoleExtensions.Markup(IAnsiConsole console, String value) in /_/src/Spectre.Console/Extensions/AnsiConsoleExtensions.Markup.cs:line 87
   at Spectre.Console.AnsiConsoleExtensions.MarkupLine(IAnsiConsole console, String value) in /_/src/Spectre.Console/Extensions/AnsiConsoleExtensions.Markup.cs:line 133
   at Spectre.Console.AnsiConsole.MarkupLine(String value) in /_/src/Spectre.Console/AnsiConsole.Markup.cs:line 81
   at V1Per.Ui.MarkupLine(String markup) in C:\Users\My PC\Downloads\test\v1per-wpf\Console\Ui.cs:line 61
   at V1Per.Ui.Muted(String message) in C:\Users\My PC\Downloads\test\v1per-wpf\Console\Ui.cs:line 119
   at v1per_wpf.MainWindow.<>c__DisplayClass7_2.<.ctor>b__12() in C:\Users\My PC\Downloads\test\v1per-wpf\MainWindow.xaml.cs:line 97
   at System.Windows.Threading.ExceptionWrapper.InternalRealCall(Delegate callback, Object args, Int32 numArgs)
   at System.Windows.Threading.ExceptionWrapper.TryCatchWhen(Object source, Delegate callback, Object args, Int32 numArgs, Delegate catchHandler)

[2026-09-09 15:35:25] System.InvalidOperationException: Could not find color or style 'MTK'.
   at Spectre.Console.AnsiMarkupTagParser.Parse(String text) in /_/src/Spectre.Console.Ansi/AnsiMarkupTagParser.cs:line 10
   at Spectre.Console.AnsiMarkup.Parse(String markup, Nullable`1 style) in /_/src/Spectre.Console.Ansi/AnsiMarkup.cs:line 67
   at Spectre.Console.Markup..ctor(String text, Nullable`1 style) in /_/src/Spectre.Console/Widgets/Markup.cs:line 43
   at Spectre.Console.AnsiConsoleExtensions.Markup(IAnsiConsole console, String value) in /_/src/Spectre.Console/Extensions/AnsiConsoleExtensions.Markup.cs:line 87
   at Spectre.Console.AnsiConsoleExtensions.MarkupLine(IAnsiConsole console, String value) in /_/src/Spectre.Console/Extensions/AnsiConsoleExtensions.Markup.cs:line 133
   at Spectre.Console.AnsiConsole.MarkupLine(String value) in /_/src/Spectre.Console/AnsiConsole.Markup.cs:line 81
   at V1Per.Ui.MarkupLine(String markup) in C:\Users\My PC\Downloads\test\v1per-wpf\Console\Ui.cs:line 61
   at V1Per.Ui.Muted(String message) in C:\Users\My PC\Downloads\test\v1per-wpf\Console\Ui.cs:line 119
   at v1per_wpf.MainWindow.<>c__DisplayClass7_2.<.ctor>b__12() in C:\Users\My PC\Downloads\test\v1per-wpf\MainWindow.xaml.cs:line 97
   at System.Windows.Threading.ExceptionWrapper.InternalRealCall(Delegate callback, Object args, Int32 numArgs)
   at System.Windows.Threading.ExceptionWrapper.TryCatchWhen(Object source, Delegate callback, Object args, Int32 numArgs, Delegate catchHandler)

[2026-09-09 15:35:25] System.InvalidOperationException: Could not find color or style 'MTK'.
   at Spectre.Console.AnsiMarkupTagParser.Parse(String text) in /_/src/Spectre.Console.Ansi/AnsiMarkupTagParser.cs:line 10
   at Spectre.Console.AnsiMarkup.Parse(String markup, Nullable`1 style) in /_/src/Spectre.Console.Ansi/AnsiMarkup.cs:line 67
   at Spectre.Console.Markup..ctor(String text, Nullable`1 style) in /_/src/Spectre.Console/Widgets/Markup.cs:line 43
   at Spectre.Console.AnsiConsoleExtensions.Markup(IAnsiConsole console, String value) in /_/src/Spectre.Console/Extensions/AnsiConsoleExtensions.Markup.cs:line 87
   at Spectre.Console.AnsiConsoleExtensions.MarkupLine(IAnsiConsole console, String value) in /_/src/Spectre.Console/Extensions/AnsiConsoleExtensions.Markup.cs:line 133
   at Spectre.Console.AnsiConsole.MarkupLine(String value) in /_/src/Spectre.Console/AnsiConsole.Markup.cs:line 81
   at V1Per.Ui.MarkupLine(String markup) in C:\Users\My PC\Downloads\test\v1per-wpf\Console\Ui.cs:line 61
   at V1Per.Ui.Muted(String message) in C:\Users\My PC\Downloads\test\v1per-wpf\Console\Ui.cs:line 119
   at v1per_wpf.MainWindow.<>c__DisplayClass7_2.<.ctor>b__12() in C:\Users\My PC\Downloads\test\v1per-wpf\MainWindow.xaml.cs:line 97
   at System.Windows.Threading.ExceptionWrapper.InternalRealCall(Delegate callback, Object args, Int32 numArgs)
   at System.Windows.Threading.ExceptionWrapper.TryCatchWhen(Object source, Delegate callback, Object args, Int32 numArgs, Delegate catchHandler)

[2026-09-09 15:35:25] System.InvalidOperationException: Could not find color or style 'MTK'.
   at Spectre.Console.AnsiMarkupTagParser.Parse(String text) in /_/src/Spectre.Console.Ansi/AnsiMarkupTagParser.cs:line 10
   at Spectre.Console.AnsiMarkup.Parse(String markup, Nullable`1 style) in /_/src/Spectre.Console.Ansi/AnsiMarkup.cs:line 67
   at Spectre.Console.Markup..ctor(String text, Nullable`1 style) in /_/src/Spectre.Console/Widgets/Markup.cs:line 43
   at Spectre.Console.AnsiConsoleExtensions.Markup(IAnsiConsole console, String value) in /_/src/Spectre.Console/Extensions/AnsiConsoleExtensions.Markup.cs:line 87
   at Spectre.Console.AnsiConsoleExtensions.MarkupLine(IAnsiConsole console, String value) in /_/src/Spectre.Console/Extensions/AnsiConsoleExtensions.Markup.cs:line 133
   at Spectre.Console.AnsiConsole.MarkupLine(String value) in /_/src/Spectre.Console/AnsiConsole.Markup.cs:line 81
   at V1Per.Ui.MarkupLine(String markup) in C:\Users\My PC\Downloads\test\v1per-wpf\Console\Ui.cs:line 61
   at V1Per.Ui.Muted(String message) in C:\Users\My PC\Downloads\test\v1per-wpf\Console\Ui.cs:line 119
   at v1per_wpf.MainWindow.<>c__DisplayClass7_2.<.ctor>b__12() in C:\Users\My PC\Downloads\test\v1per-wpf\MainWindow.xaml.cs:line 97
   at System.Windows.Threading.ExceptionWrapper.InternalRealCall(Delegate callback, Object args, Int32 numArgs)
   at System.Windows.Threading.ExceptionWrapper.TryCatchWhen(Object source, Delegate callback, Object args, Int32 numArgs, Delegate catchHandler)

[2026-09-09 15:36:56] System.InvalidOperationException: Could not find color or style 'MTK'.
   at Spectre.Console.AnsiMarkupTagParser.Parse(String text) in /_/src/Spectre.Console.Ansi/AnsiMarkupTagParser.cs:line 10
   at Spectre.Console.AnsiMarkup.Parse(String markup, Nullable`1 style) in /_/src/Spectre.Console.Ansi/AnsiMarkup.cs:line 67
   at Spectre.Console.Markup..ctor(String text, Nullable`1 style) in /_/src/Spectre.Console/Widgets/Markup.cs:line 43
   at Spectre.Console.AnsiConsoleExtensions.Markup(IAnsiConsole console, String value) in /_/src/Spectre.Console/Extensions/AnsiConsoleExtensions.Markup.cs:line 87
   at Spectre.Console.AnsiConsoleExtensions.MarkupLine(IAnsiConsole console, String value) in /_/src/Spectre.Console/Extensions/AnsiConsoleExtensions.Markup.cs:line 133
   at Spectre.Console.AnsiConsole.MarkupLine(String value) in /_/src/Spectre.Console/AnsiConsole.Markup.cs:line 81
   at V1Per.Ui.MarkupLine(String markup) in C:\Users\My PC\Downloads\test\v1per-wpf\Console\Ui.cs:line 61
   at V1Per.Ui.Muted(String message) in C:\Users\My PC\Downloads\test\v1per-wpf\Console\Ui.cs:line 119
   at v1per_wpf.MainWindow.<>c__DisplayClass7_2.<.ctor>b__12() in C:\Users\My PC\Downloads\test\v1per-wpf\MainWindow.xaml.cs:line 97
   at System.Windows.Threading.ExceptionWrapper.InternalRealCall(Delegate callback, Object args, Int32 numArgs)
   at System.Windows.Threading.ExceptionWrapper.TryCatchWhen(Object source, Delegate callback, Object args, Int32 numArgs, Delegate catchHandler)

[2026-09-09 15:36:56] System.InvalidOperationException: Could not find color or style 'MTK'.
   at Spectre.Console.AnsiMarkupTagParser.Parse(String text) in /_/src/Spectre.Console.Ansi/AnsiMarkupTagParser.cs:line 10
   at Spectre.Console.AnsiMarkup.Parse(String markup, Nullable`1 style) in /_/src/Spectre.Console.Ansi/AnsiMarkup.cs:line 67
   at Spectre.Console.Markup..ctor(String text, Nullable`1 style) in /_/src/Spectre.Console/Widgets/Markup.cs:line 43
   at Spectre.Console.AnsiConsoleExtensions.Markup(IAnsiConsole console, String value) in /_/src/Spectre.Console/Extensions/AnsiConsoleExtensions.Markup.cs:line 87
   at Spectre.Console.AnsiConsoleExtensions.MarkupLine(IAnsiConsole console, String value) in /_/src/Spectre.Console/Extensions/AnsiConsoleExtensions.Markup.cs:line 133
   at Spectre.Console.AnsiConsole.MarkupLine(String value) in /_/src/Spectre.Console/AnsiConsole.Markup.cs:line 81
   at V1Per.Ui.MarkupLine(String markup) in C:\Users\My PC\Downloads\test\v1per-wpf\Console\Ui.cs:line 61
   at V1Per.Ui.Muted(String message) in C:\Users\My PC\Downloads\test\v1per-wpf\Console\Ui.cs:line 119
   at v1per_wpf.MainWindow.<>c__DisplayClass7_2.<.ctor>b__12() in C:\Users\My PC\Downloads\test\v1per-wpf\MainWindow.xaml.cs:line 97
   at System.Windows.Threading.ExceptionWrapper.InternalRealCall(Delegate callback, Object args, Int32 numArgs)
   at System.Windows.Threading.ExceptionWrapper.TryCatchWhen(Object source, Delegate callback, Object args, Int32 numArgs, Delegate catchHandler)

[2026-09-09 15:37:01] System.InvalidOperationException: Could not find color or style 'MTK'.
   at Spectre.Console.AnsiMarkupTagParser.Parse(String text) in /_/src/Spectre.Console.Ansi/AnsiMarkupTagParser.cs:line 10
   at Spectre.Console.AnsiMarkup.Parse(String markup, Nullable`1 style) in /_/src/Spectre.Console.Ansi/AnsiMarkup.cs:line 67
   at Spectre.Console.Markup..ctor(String text, Nullable`1 style) in /_/src/Spectre.Console/Widgets/Markup.cs:line 43
   at Spectre.Console.AnsiConsoleExtensions.Markup(IAnsiConsole console, String value) in /_/src/Spectre.Console/Extensions/AnsiConsoleExtensions.Markup.cs:line 87
   at Spectre.Console.AnsiConsoleExtensions.MarkupLine(IAnsiConsole console, String value) in /_/src/Spectre.Console/Extensions/AnsiConsoleExtensions.Markup.cs:line 133
   at Spectre.Console.AnsiConsole.MarkupLine(String value) in /_/src/Spectre.Console/AnsiConsole.Markup.cs:line 81
   at V1Per.Ui.MarkupLine(String markup) in C:\Users\My PC\Downloads\test\v1per-wpf\Console\Ui.cs:line 61
   at V1Per.Ui.Muted(String message) in C:\Users\My PC\Downloads\test\v1per-wpf\Console\Ui.cs:line 119
   at v1per_wpf.MainWindow.<>c__DisplayClass7_2.<.ctor>b__12() in C:\Users\My PC\Downloads\test\v1per-wpf\MainWindow.xaml.cs:line 97
   at System.Windows.Threading.ExceptionWrapper.InternalRealCall(Delegate callback, Object args, Int32 numArgs)
   at System.Windows.Threading.ExceptionWrapper.TryCatchWhen(Object source, Delegate callback, Object args, Int32 numArgs, Delegate catchHandler)

[2026-09-09 15:37:01] System.InvalidOperationException: Could not find color or style 'MTK'.
   at Spectre.Console.AnsiMarkupTagParser.Parse(String text) in /_/src/Spectre.Console.Ansi/AnsiMarkupTagParser.cs:line 10
   at Spectre.Console.AnsiMarkup.Parse(String markup, Nullable`1 style) in /_/src/Spectre.Console.Ansi/AnsiMarkup.cs:line 67
   at Spectre.Console.Markup..ctor(String text, Nullable`1 style) in /_/src/Spectre.Console/Widgets/Markup.cs:line 43
   at Spectre.Console.AnsiConsoleExtensions.Markup(IAnsiConsole console, String value) in /_/src/Spectre.Console/Extensions/AnsiConsoleExtensions.Markup.cs:line 87
   at Spectre.Console.AnsiConsoleExtensions.MarkupLine(IAnsiConsole console, String value) in /_/src/Spectre.Console/Extensions/AnsiConsoleExtensions.Markup.cs:line 133
   at Spectre.Console.AnsiConsole.MarkupLine(String value) in /_/src/Spectre.Console/AnsiConsole.Markup.cs:line 81
   at V1Per.Ui.MarkupLine(String markup) in C:\Users\My PC\Downloads\test\v1per-wpf\Console\Ui.cs:line 61
   at V1Per.Ui.Muted(String message) in C:\Users\My PC\Downloads\test\v1per-wpf\Console\Ui.cs:line 119
   at v1per_wpf.MainWindow.<>c__DisplayClass7_2.<.ctor>b__12() in C:\Users\My PC\Downloads\test\v1per-wpf\MainWindow.xaml.cs:line 97
   at System.Windows.Threading.ExceptionWrapper.InternalRealCall(Delegate callback, Object args, Int32 numArgs)
   at System.Windows.Threading.ExceptionWrapper.TryCatchWhen(Object source, Delegate callback, Object args, Int32 numArgs, Delegate catchHandler)

[2026-09-09 15:37:01] System.InvalidOperationException: Could not find color or style 'MTK'.
   at Spectre.Console.AnsiMarkupTagParser.Parse(String text) in /_/src/Spectre.Console.Ansi/AnsiMarkupTagParser.cs:line 10
   at Spectre.Console.AnsiMarkup.Parse(String markup, Nullable`1 style) in /_/src/Spectre.Console.Ansi/AnsiMarkup.cs:line 67
   at Spectre.Console.Markup..ctor(String text, Nullable`1 style) in /_/src/Spectre.Console/Widgets/Markup.cs:line 43
   at Spectre.Console.AnsiConsoleExtensions.Markup(IAnsiConsole console, String value) in /_/src/Spectre.Console/Extensions/AnsiConsoleExtensions.Markup.cs:line 87
   at Spectre.Console.AnsiConsoleExtensions.MarkupLine(IAnsiConsole console, String value) in /_/src/Spectre.Console/Extensions/AnsiConsoleExtensions.Markup.cs:line 133
   at Spectre.Console.AnsiConsole.MarkupLine(String value) in /_/src/Spectre.Console/AnsiConsole.Markup.cs:line 81
   at V1Per.Ui.MarkupLine(String markup) in C:\Users\My PC\Downloads\test\v1per-wpf\Console\Ui.cs:line 61
   at V1Per.Ui.Muted(String message) in C:\Users\My PC\Downloads\test\v1per-wpf\Console\Ui.cs:line 119
   at v1per_wpf.MainWindow.<>c__DisplayClass7_2.<.ctor>b__12() in C:\Users\My PC\Downloads\test\v1per-wpf\MainWindow.xaml.cs:line 97
   at System.Windows.Threading.ExceptionWrapper.InternalRealCall(Delegate callback, Object args, Int32 numArgs)
   at System.Windows.Threading.ExceptionWrapper.TryCatchWhen(Object source, Delegate callback, Object args, Int32 numArgs, Delegate catchHandler)

[2026-09-09 15:37:01] System.InvalidOperationException: Could not find color or style 'MTK'.
   at Spectre.Console.AnsiMarkupTagParser.Parse(String text) in /_/src/Spectre.Console.Ansi/AnsiMarkupTagParser.cs:line 10
   at Spectre.Console.AnsiMarkup.Parse(String markup, Nullable`1 style) in /_/src/Spectre.Console.Ansi/AnsiMarkup.cs:line 67
   at Spectre.Console.Markup..ctor(String text, Nullable`1 style) in /_/src/Spectre.Console/Widgets/Markup.cs:line 43
   at Spectre.Console.AnsiConsoleExtensions.Markup(IAnsiConsole console, String value) in /_/src/Spectre.Console/Extensions/AnsiConsoleExtensions.Markup.cs:line 87
   at Spectre.Console.AnsiConsoleExtensions.MarkupLine(IAnsiConsole console, String value) in /_/src/Spectre.Console/Extensions/AnsiConsoleExtensions.Markup.cs:line 133
   at Spectre.Console.AnsiConsole.MarkupLine(String value) in /_/src/Spectre.Console/AnsiConsole.Markup.cs:line 81
   at V1Per.Ui.MarkupLine(String markup) in C:\Users\My PC\Downloads\test\v1per-wpf\Console\Ui.cs:line 61
   at V1Per.Ui.Muted(String message) in C:\Users\My PC\Downloads\test\v1per-wpf\Console\Ui.cs:line 119
   at v1per_wpf.MainWindow.<>c__DisplayClass7_2.<.ctor>b__12() in C:\Users\My PC\Downloads\test\v1per-wpf\MainWindow.xaml.cs:line 97
   at System.Windows.Threading.ExceptionWrapper.InternalRealCall(Delegate callback, Object args, Int32 numArgs)
   at System.Windows.Threading.ExceptionWrapper.TryCatchWhen(Object source, Delegate callback, Object args, Int32 numArgs, Delegate catchHandler)

[2026-09-09 15:37:01] System.InvalidOperationException: Could not find color or style 'MTK'.
   at Spectre.Console.AnsiMarkupTagParser.Parse(String text) in /_/src/Spectre.Console.Ansi/AnsiMarkupTagParser.cs:line 10
   at Spectre.Console.AnsiMarkup.Parse(String markup, Nullable`1 style) in /_/src/Spectre.Console.Ansi/AnsiMarkup.cs:line 67
   at Spectre.Console.Markup..ctor(String text, Nullable`1 style) in /_/src/Spectre.Console/Widgets/Markup.cs:line 43
   at Spectre.Console.AnsiConsoleExtensions.Markup(IAnsiConsole console, String value) in /_/src/Spectre.Console/Extensions/AnsiConsoleExtensions.Markup.cs:line 87
   at Spectre.Console.AnsiConsoleExtensions.MarkupLine(IAnsiConsole console, String value) in /_/src/Spectre.Console/Extensions/AnsiConsoleExtensions.Markup.cs:line 133
   at Spectre.Console.AnsiConsole.MarkupLine(String value) in /_/src/Spectre.Console/AnsiConsole.Markup.cs:line 81
   at V1Per.Ui.MarkupLine(String markup) in C:\Users\My PC\Downloads\test\v1per-wpf\Console\Ui.cs:line 61
   at V1Per.Ui.Muted(String message) in C:\Users\My PC\Downloads\test\v1per-wpf\Console\Ui.cs:line 119
   at v1per_wpf.MainWindow.<>c__DisplayClass7_2.<.ctor>b__12() in C:\Users\My PC\Downloads\test\v1per-wpf\MainWindow.xaml.cs:line 97
   at System.Windows.Threading.ExceptionWrapper.InternalRealCall(Delegate callback, Object args, Int32 numArgs)
   at System.Windows.Threading.ExceptionWrapper.TryCatchWhen(Object source, Delegate callback, Object args, Int32 numArgs, Delegate catchHandler)

[2026-09-09 15:37:01] System.InvalidOperationException: Could not find color or style 'MTK'.
   at Spectre.Console.AnsiMarkupTagParser.Parse(String text) in /_/src/Spectre.Console.Ansi/AnsiMarkupTagParser.cs:line 10
   at Spectre.Console.AnsiMarkup.Parse(String markup, Nullable`1 style) in /_/src/Spectre.Console.Ansi/AnsiMarkup.cs:line 67
   at Spectre.Console.Markup..ctor(String text, Nullable`1 style) in /_/src/Spectre.Console/Widgets/Markup.cs:line 43
   at Spectre.Console.AnsiConsoleExtensions.Markup(IAnsiConsole console, String value) in /_/src/Spectre.Console/Extensions/AnsiConsoleExtensions.Markup.cs:line 87
   at Spectre.Console.AnsiConsoleExtensions.MarkupLine(IAnsiConsole console, String value) in /_/src/Spectre.Console/Extensions/AnsiConsoleExtensions.Markup.cs:line 133
   at Spectre.Console.AnsiConsole.MarkupLine(String value) in /_/src/Spectre.Console/AnsiConsole.Markup.cs:line 81
   at V1Per.Ui.MarkupLine(String markup) in C:\Users\My PC\Downloads\test\v1per-wpf\Console\Ui.cs:line 61
   at V1Per.Ui.Muted(String message) in C:\Users\My PC\Downloads\test\v1per-wpf\Console\Ui.cs:line 119
   at v1per_wpf.MainWindow.<>c__DisplayClass7_2.<.ctor>b__12() in C:\Users\My PC\Downloads\test\v1per-wpf\MainWindow.xaml.cs:line 97
   at System.Windows.Threading.ExceptionWrapper.InternalRealCall(Delegate callback, Object args, Int32 numArgs)
   at System.Windows.Threading.ExceptionWrapper.TryCatchWhen(Object source, Delegate callback, Object args, Int32 numArgs, Delegate catchHandler)

[2026-09-09 15:37:12] System.InvalidOperationException: Could not find color or style 'MTK'.
   at Spectre.Console.AnsiMarkupTagParser.Parse(String text) in /_/src/Spectre.Console.Ansi/AnsiMarkupTagParser.cs:line 10
   at Spectre.Console.AnsiMarkup.Parse(String markup, Nullable`1 style) in /_/src/Spectre.Console.Ansi/AnsiMarkup.cs:line 67
   at Spectre.Console.Markup..ctor(String text, Nullable`1 style) in /_/src/Spectre.Console/Widgets/Markup.cs:line 43
   at Spectre.Console.AnsiConsoleExtensions.Markup(IAnsiConsole console, String value) in /_/src/Spectre.Console/Extensions/AnsiConsoleExtensions.Markup.cs:line 87
   at Spectre.Console.AnsiConsoleExtensions.MarkupLine(IAnsiConsole console, String value) in /_/src/Spectre.Console/Extensions/AnsiConsoleExtensions.Markup.cs:line 133
   at Spectre.Console.AnsiConsole.MarkupLine(String value) in /_/src/Spectre.Console/AnsiConsole.Markup.cs:line 81
   at V1Per.Ui.MarkupLine(String markup) in C:\Users\My PC\Downloads\test\v1per-wpf\Console\Ui.cs:line 61
   at V1Per.Ui.Muted(String message) in C:\Users\My PC\Downloads\test\v1per-wpf\Console\Ui.cs:line 119
   at v1per_wpf.MainWindow.<>c__DisplayClass7_2.<.ctor>b__12() in C:\Users\My PC\Downloads\test\v1per-wpf\MainWindow.xaml.cs:line 97
   at System.Windows.Threading.ExceptionWrapper.InternalRealCall(Delegate callback, Object args, Int32 numArgs)
   at System.Windows.Threading.ExceptionWrapper.TryCatchWhen(Object source, Delegate callback, Object args, Int32 numArgs, Delegate catchHandler)

[2026-09-09 15:37:12] System.InvalidOperationException: Could not find color or style 'MTK'.
   at Spectre.Console.AnsiMarkupTagParser.Parse(String text) in /_/src/Spectre.Console.Ansi/AnsiMarkupTagParser.cs:line 10
   at Spectre.Console.AnsiMarkup.Parse(String markup, Nullable`1 style) in /_/src/Spectre.Console.Ansi/AnsiMarkup.cs:line 67
   at Spectre.Console.Markup..ctor(String text, Nullable`1 style) in /_/src/Spectre.Console/Widgets/Markup.cs:line 43
   at Spectre.Console.AnsiConsoleExtensions.Markup(IAnsiConsole console, String value) in /_/src/Spectre.Console/Extensions/AnsiConsoleExtensions.Markup.cs:line 87
   at Spectre.Console.AnsiConsoleExtensions.MarkupLine(IAnsiConsole console, String value) in /_/src/Spectre.Console/Extensions/AnsiConsoleExtensions.Markup.cs:line 133
   at Spectre.Console.AnsiConsole.MarkupLine(String value) in /_/src/Spectre.Console/AnsiConsole.Markup.cs:line 81
   at V1Per.Ui.MarkupLine(String markup) in C:\Users\My PC\Downloads\test\v1per-wpf\Console\Ui.cs:line 61
   at V1Per.Ui.Muted(String message) in C:\Users\My PC\Downloads\test\v1per-wpf\Console\Ui.cs:line 119
   at v1per_wpf.MainWindow.<>c__DisplayClass7_2.<.ctor>b__12() in C:\Users\My PC\Downloads\test\v1per-wpf\MainWindow.xaml.cs:line 97
   at System.Windows.Threading.ExceptionWrapper.InternalRealCall(Delegate callback, Object args, Int32 numArgs)
   at System.Windows.Threading.ExceptionWrapper.TryCatchWhen(Object source, Delegate callback, Object args, Int32 numArgs, Delegate catchHandler)

[2026-09-09 15:37:12] System.InvalidOperationException: Could not find color or style 'MTK'.
   at Spectre.Console.AnsiMarkupTagParser.Parse(String text) in /_/src/Spectre.Console.Ansi/AnsiMarkupTagParser.cs:line 10
   at Spectre.Console.AnsiMarkup.Parse(String markup, Nullable`1 style) in /_/src/Spectre.Console.Ansi/AnsiMarkup.cs:line 67
   at Spectre.Console.Markup..ctor(String text, Nullable`1 style) in /_/src/Spectre.Console/Widgets/Markup.cs:line 43
   at Spectre.Console.AnsiConsoleExtensions.Markup(IAnsiConsole console, String value) in /_/src/Spectre.Console/Extensions/AnsiConsoleExtensions.Markup.cs:line 87
   at Spectre.Console.AnsiConsoleExtensions.MarkupLine(IAnsiConsole console, String value) in /_/src/Spectre.Console/Extensions/AnsiConsoleExtensions.Markup.cs:line 133
   at Spectre.Console.AnsiConsole.MarkupLine(String value) in /_/src/Spectre.Console/AnsiConsole.Markup.cs:line 81
   at V1Per.Ui.MarkupLine(String markup) in C:\Users\My PC\Downloads\test\v1per-wpf\Console\Ui.cs:line 61
   at V1Per.Ui.Muted(String message) in C:\Users\My PC\Downloads\test\v1per-wpf\Console\Ui.cs:line 119
   at v1per_wpf.MainWindow.<>c__DisplayClass7_2.<.ctor>b__12() in C:\Users\My PC\Downloads\test\v1per-wpf\MainWindow.xaml.cs:line 97
   at System.Windows.Threading.ExceptionWrapper.InternalRealCall(Delegate callback, Object args, Int32 numArgs)
   at System.Windows.Threading.ExceptionWrapper.TryCatchWhen(Object source, Delegate callback, Object args, Int32 numArgs, Delegate catchHandler)

[2026-09-09 15:37:12] System.InvalidOperationException: Could not find color or style 'MTK'.
   at Spectre.Console.AnsiMarkupTagParser.Parse(String text) in /_/src/Spectre.Console.Ansi/AnsiMarkupTagParser.cs:line 10
   at Spectre.Console.AnsiMarkup.Parse(String markup, Nullable`1 style) in /_/src/Spectre.Console.Ansi/AnsiMarkup.cs:line 67
   at Spectre.Console.Markup..ctor(String text, Nullable`1 style) in /_/src/Spectre.Console/Widgets/Markup.cs:line 43
   at Spectre.Console.AnsiConsoleExtensions.Markup(IAnsiConsole console, String value) in /_/src/Spectre.Console/Extensions/AnsiConsoleExtensions.Markup.cs:line 87
   at Spectre.Console.AnsiConsoleExtensions.MarkupLine(IAnsiConsole console, String value) in /_/src/Spectre.Console/Extensions/AnsiConsoleExtensions.Markup.cs:line 133
   at Spectre.Console.AnsiConsole.MarkupLine(String value) in /_/src/Spectre.Console/AnsiConsole.Markup.cs:line 81
   at V1Per.Ui.MarkupLine(String markup) in C:\Users\My PC\Downloads\test\v1per-wpf\Console\Ui.cs:line 61
   at V1Per.Ui.Muted(String message) in C:\Users\My PC\Downloads\test\v1per-wpf\Console\Ui.cs:line 119
   at v1per_wpf.MainWindow.<>c__DisplayClass7_2.<.ctor>b__12() in C:\Users\My PC\Downloads\test\v1per-wpf\MainWindow.xaml.cs:line 97
   at System.Windows.Threading.ExceptionWrapper.InternalRealCall(Delegate callback, Object args, Int32 numArgs)
   at System.Windows.Threading.ExceptionWrapper.TryCatchWhen(Object source, Delegate callback, Object args, Int32 numArgs, Delegate catchHandler)

[2026-09-09 15:49:02] System.InvalidOperationException: Could not find color or style 'MTK'.
   at Spectre.Console.AnsiMarkupTagParser.Parse(String text) in /_/src/Spectre.Console.Ansi/AnsiMarkupTagParser.cs:line 10
   at Spectre.Console.AnsiMarkup.Parse(String markup, Nullable`1 style) in /_/src/Spectre.Console.Ansi/AnsiMarkup.cs:line 67
   at Spectre.Console.Markup..ctor(String text, Nullable`1 style) in /_/src/Spectre.Console/Widgets/Markup.cs:line 43
   at Spectre.Console.AnsiConsoleExtensions.Markup(IAnsiConsole console, String value) in /_/src/Spectre.Console/Extensions/AnsiConsoleExtensions.Markup.cs:line 87
   at Spectre.Console.AnsiConsoleExtensions.MarkupLine(IAnsiConsole console, String value) in /_/src/Spectre.Console/Extensions/AnsiConsoleExtensions.Markup.cs:line 133
   at Spectre.Console.AnsiConsole.MarkupLine(String value) in /_/src/Spectre.Console/AnsiConsole.Markup.cs:line 81
   at V1Per.Ui.MarkupLine(String markup) in C:\Users\My PC\Downloads\test\v1per-wpf\Console\Ui.cs:line 61
   at V1Per.Ui.Muted(String message) in C:\Users\My PC\Downloads\test\v1per-wpf\Console\Ui.cs:line 119
   at v1per_wpf.MainWindow.<>c__DisplayClass7_2.<.ctor>b__12() in C:\Users\My PC\Downloads\test\v1per-wpf\MainWindow.xaml.cs:line 97
   at System.Windows.Threading.ExceptionWrapper.InternalRealCall(Delegate callback, Object args, Int32 numArgs)
   at System.Windows.Threading.ExceptionWrapper.TryCatchWhen(Object source, Delegate callback, Object args, Int32 numArgs, Delegate catchHandler)

[2026-09-09 15:49:02] System.InvalidOperationException: Could not find color or style 'MTK'.
   at Spectre.Console.AnsiMarkupTagParser.Parse(String text) in /_/src/Spectre.Console.Ansi/AnsiMarkupTagParser.cs:line 10
   at Spectre.Console.AnsiMarkup.Parse(String markup, Nullable`1 style) in /_/src/Spectre.Console.Ansi/AnsiMarkup.cs:line 67
   at Spectre.Console.Markup..ctor(String text, Nullable`1 style) in /_/src/Spectre.Console/Widgets/Markup.cs:line 43
   at Spectre.Console.AnsiConsoleExtensions.Markup(IAnsiConsole console, String value) in /_/src/Spectre.Console/Extensions/AnsiConsoleExtensions.Markup.cs:line 87
   at Spectre.Console.AnsiConsoleExtensions.MarkupLine(IAnsiConsole console, String value) in /_/src/Spectre.Console/Extensions/AnsiConsoleExtensions.Markup.cs:line 133
   at Spectre.Console.AnsiConsole.MarkupLine(String value) in /_/src/Spectre.Console/AnsiConsole.Markup.cs:line 81
   at V1Per.Ui.MarkupLine(String markup) in C:\Users\My PC\Downloads\test\v1per-wpf\Console\Ui.cs:line 61
   at V1Per.Ui.Muted(String message) in C:\Users\My PC\Downloads\test\v1per-wpf\Console\Ui.cs:line 119
   at v1per_wpf.MainWindow.<>c__DisplayClass7_2.<.ctor>b__12() in C:\Users\My PC\Downloads\test\v1per-wpf\MainWindow.xaml.cs:line 97
   at System.Windows.Threading.ExceptionWrapper.InternalRealCall(Delegate callback, Object args, Int32 numArgs)
   at System.Windows.Threading.ExceptionWrapper.TryCatchWhen(Object source, Delegate callback, Object args, Int32 numArgs, Delegate catchHandler)

[2026-09-09 15:49:04] System.InvalidOperationException: Could not find color or style 'MTK'.
   at Spectre.Console.AnsiMarkupTagParser.Parse(String text) in /_/src/Spectre.Console.Ansi/AnsiMarkupTagParser.cs:line 10
   at Spectre.Console.AnsiMarkup.Parse(String markup, Nullable`1 style) in /_/src/Spectre.Console.Ansi/AnsiMarkup.cs:line 67
   at Spectre.Console.Markup..ctor(String text, Nullable`1 style) in /_/src/Spectre.Console/Widgets/Markup.cs:line 43
   at Spectre.Console.AnsiConsoleExtensions.Markup(IAnsiConsole console, String value) in /_/src/Spectre.Console/Extensions/AnsiConsoleExtensions.Markup.cs:line 87
   at Spectre.Console.AnsiConsoleExtensions.MarkupLine(IAnsiConsole console, String value) in /_/src/Spectre.Console/Extensions/AnsiConsoleExtensions.Markup.cs:line 133
   at Spectre.Console.AnsiConsole.MarkupLine(String value) in /_/src/Spectre.Console/AnsiConsole.Markup.cs:line 81
   at V1Per.Ui.MarkupLine(String markup) in C:\Users\My PC\Downloads\test\v1per-wpf\Console\Ui.cs:line 61
   at V1Per.Ui.Muted(String message) in C:\Users\My PC\Downloads\test\v1per-wpf\Console\Ui.cs:line 119
   at v1per_wpf.MainWindow.<>c__DisplayClass7_2.<.ctor>b__12() in C:\Users\My PC\Downloads\test\v1per-wpf\MainWindow.xaml.cs:line 97
   at System.Windows.Threading.ExceptionWrapper.InternalRealCall(Delegate callback, Object args, Int32 numArgs)
   at System.Windows.Threading.ExceptionWrapper.TryCatchWhen(Object source, Delegate callback, Object args, Int32 numArgs, Delegate catchHandler)

[2026-09-09 15:49:04] System.InvalidOperationException: Could not find color or style 'MTK'.
   at Spectre.Console.AnsiMarkupTagParser.Parse(String text) in /_/src/Spectre.Console.Ansi/AnsiMarkupTagParser.cs:line 10
   at Spectre.Console.AnsiMarkup.Parse(String markup, Nullable`1 style) in /_/src/Spectre.Console.Ansi/AnsiMarkup.cs:line 67
   at Spectre.Console.Markup..ctor(String text, Nullable`1 style) in /_/src/Spectre.Console/Widgets/Markup.cs:line 43
   at Spectre.Console.AnsiConsoleExtensions.Markup(IAnsiConsole console, String value) in /_/src/Spectre.Console/Extensions/AnsiConsoleExtensions.Markup.cs:line 87
   at Spectre.Console.AnsiConsoleExtensions.MarkupLine(IAnsiConsole console, String value) in /_/src/Spectre.Console/Extensions/AnsiConsoleExtensions.Markup.cs:line 133
   at Spectre.Console.AnsiConsole.MarkupLine(String value) in /_/src/Spectre.Console/AnsiConsole.Markup.cs:line 81
   at V1Per.Ui.MarkupLine(String markup) in C:\Users\My PC\Downloads\test\v1per-wpf\Console\Ui.cs:line 61
   at V1Per.Ui.Muted(String message) in C:\Users\My PC\Downloads\test\v1per-wpf\Console\Ui.cs:line 119
   at v1per_wpf.MainWindow.<>c__DisplayClass7_2.<.ctor>b__12() in C:\Users\My PC\Downloads\test\v1per-wpf\MainWindow.xaml.cs:line 97
   at System.Windows.Threading.ExceptionWrapper.InternalRealCall(Delegate callback, Object args, Int32 numArgs)
   at System.Windows.Threading.ExceptionWrapper.TryCatchWhen(Object source, Delegate callback, Object args, Int32 numArgs, Delegate catchHandler)

[2026-09-09 15:49:04] System.InvalidOperationException: Could not find color or style 'MTK'.
   at Spectre.Console.AnsiMarkupTagParser.Parse(String text) in /_/src/Spectre.Console.Ansi/AnsiMarkupTagParser.cs:line 10
   at Spectre.Console.AnsiMarkup.Parse(String markup, Nullable`1 style) in /_/src/Spectre.Console.Ansi/AnsiMarkup.cs:line 67
   at Spectre.Console.Markup..ctor(String text, Nullable`1 style) in /_/src/Spectre.Console/Widgets/Markup.cs:line 43
   at Spectre.Console.AnsiConsoleExtensions.Markup(IAnsiConsole console, String value) in /_/src/Spectre.Console/Extensions/AnsiConsoleExtensions.Markup.cs:line 87
   at Spectre.Console.AnsiConsoleExtensions.MarkupLine(IAnsiConsole console, String value) in /_/src/Spectre.Console/Extensions/AnsiConsoleExtensions.Markup.cs:line 133
   at Spectre.Console.AnsiConsole.MarkupLine(String value) in /_/src/Spectre.Console/AnsiConsole.Markup.cs:line 81
   at V1Per.Ui.MarkupLine(String markup) in C:\Users\My PC\Downloads\test\v1per-wpf\Console\Ui.cs:line 61
   at V1Per.Ui.Muted(String message) in C:\Users\My PC\Downloads\test\v1per-wpf\Console\Ui.cs:line 119
   at v1per_wpf.MainWindow.<>c__DisplayClass7_2.<.ctor>b__12() in C:\Users\My PC\Downloads\test\v1per-wpf\MainWindow.xaml.cs:line 97
   at System.Windows.Threading.ExceptionWrapper.InternalRealCall(Delegate callback, Object args, Int32 numArgs)
   at System.Windows.Threading.ExceptionWrapper.TryCatchWhen(Object source, Delegate callback, Object args, Int32 numArgs, Delegate catchHandler)

[2026-09-09 15:49:04] System.InvalidOperationException: Could not find color or style 'MTK'.
   at Spectre.Console.AnsiMarkupTagParser.Parse(String text) in /_/src/Spectre.Console.Ansi/AnsiMarkupTagParser.cs:line 10
   at Spectre.Console.AnsiMarkup.Parse(String markup, Nullable`1 style) in /_/src/Spectre.Console.Ansi/AnsiMarkup.cs:line 67
   at Spectre.Console.Markup..ctor(String text, Nullable`1 style) in /_/src/Spectre.Console/Widgets/Markup.cs:line 43
   at Spectre.Console.AnsiConsoleExtensions.Markup(IAnsiConsole console, String value) in /_/src/Spectre.Console/Extensions/AnsiConsoleExtensions.Markup.cs:line 87
   at Spectre.Console.AnsiConsoleExtensions.MarkupLine(IAnsiConsole console, String value) in /_/src/Spectre.Console/Extensions/AnsiConsoleExtensions.Markup.cs:line 133
   at Spectre.Console.AnsiConsole.MarkupLine(String value) in /_/src/Spectre.Console/AnsiConsole.Markup.cs:line 81
   at V1Per.Ui.MarkupLine(String markup) in C:\Users\My PC\Downloads\test\v1per-wpf\Console\Ui.cs:line 61
   at V1Per.Ui.Muted(String message) in C:\Users\My PC\Downloads\test\v1per-wpf\Console\Ui.cs:line 119
   at v1per_wpf.MainWindow.<>c__DisplayClass7_2.<.ctor>b__12() in C:\Users\My PC\Downloads\test\v1per-wpf\MainWindow.xaml.cs:line 97
   at System.Windows.Threading.ExceptionWrapper.InternalRealCall(Delegate callback, Object args, Int32 numArgs)
   at System.Windows.Threading.ExceptionWrapper.TryCatchWhen(Object source, Delegate callback, Object args, Int32 numArgs, Delegate catchHandler)

[2026-09-09 15:49:04] System.InvalidOperationException: Could not find color or style 'MTK'.
   at Spectre.Console.AnsiMarkupTagParser.Parse(String text) in /_/src/Spectre.Console.Ansi/AnsiMarkupTagParser.cs:line 10
   at Spectre.Console.AnsiMarkup.Parse(String markup, Nullable`1 style) in /_/src/Spectre.Console.Ansi/AnsiMarkup.cs:line 67
   at Spectre.Console.Markup..ctor(String text, Nullable`1 style) in /_/src/Spectre.Console/Widgets/Markup.cs:line 43
   at Spectre.Console.AnsiConsoleExtensions.Markup(IAnsiConsole console, String value) in /_/src/Spectre.Console/Extensions/AnsiConsoleExtensions.Markup.cs:line 87
   at Spectre.Console.AnsiConsoleExtensions.MarkupLine(IAnsiConsole console, String value) in /_/src/Spectre.Console/Extensions/AnsiConsoleExtensions.Markup.cs:line 133
   at Spectre.Console.AnsiConsole.MarkupLine(String value) in /_/src/Spectre.Console/AnsiConsole.Markup.cs:line 81
   at V1Per.Ui.MarkupLine(String markup) in C:\Users\My PC\Downloads\test\v1per-wpf\Console\Ui.cs:line 61
   at V1Per.Ui.Muted(String message) in C:\Users\My PC\Downloads\test\v1per-wpf\Console\Ui.cs:line 119
   at v1per_wpf.MainWindow.<>c__DisplayClass7_2.<.ctor>b__12() in C:\Users\My PC\Downloads\test\v1per-wpf\MainWindow.xaml.cs:line 97
   at System.Windows.Threading.ExceptionWrapper.InternalRealCall(Delegate callback, Object args, Int32 numArgs)
   at System.Windows.Threading.ExceptionWrapper.TryCatchWhen(Object source, Delegate callback, Object args, Int32 numArgs, Delegate catchHandler)

[2026-09-09 15:49:04] System.InvalidOperationException: Could not find color or style 'MTK'.
   at Spectre.Console.AnsiMarkupTagParser.Parse(String text) in /_/src/Spectre.Console.Ansi/AnsiMarkupTagParser.cs:line 10
   at Spectre.Console.AnsiMarkup.Parse(String markup, Nullable`1 style) in /_/src/Spectre.Console.Ansi/AnsiMarkup.cs:line 67
   at Spectre.Console.Markup..ctor(String text, Nullable`1 style) in /_/src/Spectre.Console/Widgets/Markup.cs:line 43
   at Spectre.Console.AnsiConsoleExtensions.Markup(IAnsiConsole console, String value) in /_/src/Spectre.Console/Extensions/AnsiConsoleExtensions.Markup.cs:line 87
   at Spectre.Console.AnsiConsoleExtensions.MarkupLine(IAnsiConsole console, String value) in /_/src/Spectre.Console/Extensions/AnsiConsoleExtensions.Markup.cs:line 133
   at Spectre.Console.AnsiConsole.MarkupLine(String value) in /_/src/Spectre.Console/AnsiConsole.Markup.cs:line 81
   at V1Per.Ui.MarkupLine(String markup) in C:\Users\My PC\Downloads\test\v1per-wpf\Console\Ui.cs:line 61
   at V1Per.Ui.Muted(String message) in C:\Users\My PC\Downloads\test\v1per-wpf\Console\Ui.cs:line 119
   at v1per_wpf.MainWindow.<>c__DisplayClass7_2.<.ctor>b__12() in C:\Users\My PC\Downloads\test\v1per-wpf\MainWindow.xaml.cs:line 97
   at System.Windows.Threading.ExceptionWrapper.InternalRealCall(Delegate callback, Object args, Int32 numArgs)
   at System.Windows.Threading.ExceptionWrapper.TryCatchWhen(Object source, Delegate callback, Object args, Int32 numArgs, Delegate catchHandler)

